pilot_id,sample_id,object_category,task,executor,decision,issue_type,review_mode,object_task_feasible,executor_feasible,negative_reason,pilot_reason,point_cloud_path,source_mask_path,checked_mask_path,render_output_dir
v3_review_000001,3danet_full_23d8f4bc9f6ef1e79ba80f08c401fbed_pick_up,Door,pick_up,gripper,empty_review_required,executor_infeasible_empty_label,confirm_empty,true,false,no_graspable_region,"This object-task pair is kept, but this executor channel is marked infeasible by source metadata. Reviewer should confirm the empty label unless a valid affordance region is visible.",processed/points/3d_affordancenet_full_shape_val_batch_v3/3danet_full_23d8f4bc9f6ef1e79ba80f08c401fbed.npy,processed/masks/3d_affordancenet_full_shape_val_batch_v3/3danet_full_23d8f4bc9f6ef1e79ba80f08c401fbed_pick_up.npy,processed/masks/3d_affordancenet_full_shape_val_batch_v3/3danet_full_23d8f4bc9f6ef1e79ba80f08c401fbed_pick_up.npy,processed/vlm_semantic_part/renders/3danet_full_23d8f4bc9f6ef1e79ba80f08c401fbed_pick_up
v3_review_000002,3danet_full_23d8f4bc9f6ef1e79ba80f08c401fbed_pick_up,Door,pick_up,suction,empty_review_required,executor_infeasible_empty_label,confirm_empty,true,false,no_flat_suction_surface,"This object-task pair is kept, but this executor channel is marked infeasible by source metadata. Reviewer should confirm the empty label unless a valid affordance region is visible.",processed/points/3d_affordancenet_full_shape_val_batch_v3/3danet_full_23d8f4bc9f6ef1e79ba80f08c401fbed.npy,processed/masks/3d_affordancenet_full_shape_val_batch_v3/3danet_full_23d8f4bc9f6ef1e79ba80f08c401fbed_pick_up.npy,processed/masks/3d_affordancenet_full_shape_val_batch_v3/3danet_full_23d8f4bc9f6ef1e79ba80f08c401fbed_pick_up.npy,processed/vlm_semantic_part/renders/3danet_full_23d8f4bc9f6ef1e79ba80f08c401fbed_pick_up
v3_review_000003,3danet_full_23d8f4bc9f6ef1e79ba80f08c401fbed_pick_up,Door,pick_up,hook,empty_review_required,executor_infeasible_empty_label,confirm_empty,true,false,no_hookable_structure,"This object-task pair is kept, but this executor channel is marked infeasible by source metadata. Reviewer should confirm the empty label unless a valid affordance region is visible.",processed/points/3d_affordancenet_full_shape_val_batch_v3/3danet_full_23d8f4bc9f6ef1e79ba80f08c401fbed.npy,processed/masks/3d_affordancenet_full_shape_val_batch_v3/3danet_full_23d8f4bc9f6ef1e79ba80f08c401fbed_pick_up.npy,processed/masks/3d_affordancenet_full_shape_val_batch_v3/3danet_full_23d8f4bc9f6ef1e79ba80f08c401fbed_pick_up.npy,processed/vlm_semantic_part/renders/3danet_full_23d8f4bc9f6ef1e79ba80f08c401fbed_pick_up
v3_review_000004,3danet_full_23d8f4bc9f6ef1e79ba80f08c401fbed_pick_up,Door,pick_up,dexterous_hand,empty_review_required,executor_infeasible_empty_label,confirm_empty,true,false,ordinary_surface_without_operation_meaning,"This object-task pair is kept, but this executor channel is marked infeasible by source metadata. Reviewer should confirm the empty label unless a valid affordance region is visible.",processed/points/3d_affordancenet_full_shape_val_batch_v3/3danet_full_23d8f4bc9f6ef1e79ba80f08c401fbed.npy,processed/masks/3d_affordancenet_full_shape_val_batch_v3/3danet_full_23d8f4bc9f6ef1e79ba80f08c401fbed_pick_up.npy,processed/masks/3d_affordancenet_full_shape_val_batch_v3/3danet_full_23d8f4bc9f6ef1e79ba80f08c401fbed_pick_up.npy,processed/vlm_semantic_part/renders/3danet_full_23d8f4bc9f6ef1e79ba80f08c401fbed_pick_up
v3_review_000005,3danet_full_23d8f4bc9f6ef1e79ba80f08c401fbed_open_pull,Door,open_pull,gripper,review,large_scale_review,point_refine,true,true,,Large-scale first-pass human review queue; candidate generation should propose top-k regions and reviewers finalize the mask.,processed/points/3d_affordancenet_full_shape_val_batch_v3/3danet_full_23d8f4bc9f6ef1e79ba80f08c401fbed.npy,processed/masks/3d_affordancenet_full_shape_val_batch_v3/3danet_full_23d8f4bc9f6ef1e79ba80f08c401fbed_open_pull.npy,processed/masks/3d_affordancenet_full_shape_val_batch_v3/3danet_full_23d8f4bc9f6ef1e79ba80f08c401fbed_open_pull.npy,processed/vlm_semantic_part/renders/3danet_full_23d8f4bc9f6ef1e79ba80f08c401fbed_open_pull
v3_review_000006,3danet_full_23d8f4bc9f6ef1e79ba80f08c401fbed_open_pull,Door,open_pull,suction,review,large_scale_review,point_refine,true,true,,Large-scale first-pass human review queue; candidate generation should propose top-k regions and reviewers finalize the mask.,processed/points/3d_affordancenet_full_shape_val_batch_v3/3danet_full_23d8f4bc9f6ef1e79ba80f08c401fbed.npy,processed/masks/3d_affordancenet_full_shape_val_batch_v3/3danet_full_23d8f4bc9f6ef1e79ba80f08c401fbed_open_pull.npy,processed/masks/3d_affordancenet_full_shape_val_batch_v3/3danet_full_23d8f4bc9f6ef1e79ba80f08c401fbed_open_pull.npy,processed/vlm_semantic_part/renders/3danet_full_23d8f4bc9f6ef1e79ba80f08c401fbed_open_pull
v3_review_000007,3danet_full_23d8f4bc9f6ef1e79ba80f08c401fbed_open_pull,Door,open_pull,hook,review,large_scale_review,point_refine,true,true,,Large-scale first-pass human review queue; candidate generation should propose top-k regions and reviewers finalize the mask.,processed/points/3d_affordancenet_full_shape_val_batch_v3/3danet_full_23d8f4bc9f6ef1e79ba80f08c401fbed.npy,processed/masks/3d_affordancenet_full_shape_val_batch_v3/3danet_full_23d8f4bc9f6ef1e79ba80f08c401fbed_open_pull.npy,processed/masks/3d_affordancenet_full_shape_val_batch_v3/3danet_full_23d8f4bc9f6ef1e79ba80f08c401fbed_open_pull.npy,processed/vlm_semantic_part/renders/3danet_full_23d8f4bc9f6ef1e79ba80f08c401fbed_open_pull
v3_review_000008,3danet_full_23d8f4bc9f6ef1e79ba80f08c401fbed_open_pull,Door,open_pull,dexterous_hand,review,large_scale_review,point_refine,true,true,,Large-scale first-pass human review queue; candidate generation should propose top-k regions and reviewers finalize the mask.,processed/points/3d_affordancenet_full_shape_val_batch_v3/3danet_full_23d8f4bc9f6ef1e79ba80f08c401fbed.npy,processed/masks/3d_affordancenet_full_shape_val_batch_v3/3danet_full_23d8f4bc9f6ef1e79ba80f08c401fbed_open_pull.npy,processed/masks/3d_affordancenet_full_shape_val_batch_v3/3danet_full_23d8f4bc9f6ef1e79ba80f08c401fbed_open_pull.npy,processed/vlm_semantic_part/renders/3danet_full_23d8f4bc9f6ef1e79ba80f08c401fbed_open_pull
v3_review_000009,3danet_full_23d8f4bc9f6ef1e79ba80f08c401fbed_press_push,Door,press_push,gripper,empty_review_required,executor_infeasible_empty_label,confirm_empty,true,false,no_graspable_region,"This object-task pair is kept, but this executor channel is marked infeasible by source metadata. Reviewer should confirm the empty label unless a valid affordance region is visible.",processed/points/3d_affordancenet_full_shape_val_batch_v3/3danet_full_23d8f4bc9f6ef1e79ba80f08c401fbed.npy,processed/masks/3d_affordancenet_full_shape_val_batch_v3/3danet_full_23d8f4bc9f6ef1e79ba80f08c401fbed_press_push.npy,processed/masks/3d_affordancenet_full_shape_val_batch_v3/3danet_full_23d8f4bc9f6ef1e79ba80f08c401fbed_press_push.npy,processed/vlm_semantic_part/renders/3danet_full_23d8f4bc9f6ef1e79ba80f08c401fbed_press_push
v3_review_000010,3danet_full_23d8f4bc9f6ef1e79ba80f08c401fbed_press_push,Door,press_push,suction,review,large_scale_review,point_refine,true,true,,Large-scale first-pass human review queue; candidate generation should propose top-k regions and reviewers finalize the mask.,processed/points/3d_affordancenet_full_shape_val_batch_v3/3danet_full_23d8f4bc9f6ef1e79ba80f08c401fbed.npy,processed/masks/3d_affordancenet_full_shape_val_batch_v3/3danet_full_23d8f4bc9f6ef1e79ba80f08c401fbed_press_push.npy,processed/masks/3d_affordancenet_full_shape_val_batch_v3/3danet_full_23d8f4bc9f6ef1e79ba80f08c401fbed_press_push.npy,processed/vlm_semantic_part/renders/3danet_full_23d8f4bc9f6ef1e79ba80f08c401fbed_press_push
v3_review_000011,3danet_full_23d8f4bc9f6ef1e79ba80f08c401fbed_press_push,Door,press_push,hook,empty_review_required,executor_infeasible_empty_label,confirm_empty,true,false,no_hookable_structure,"This object-task pair is kept, but this executor channel is marked infeasible by source metadata. Reviewer should confirm the empty label unless a valid affordance region is visible.",processed/points/3d_affordancenet_full_shape_val_batch_v3/3danet_full_23d8f4bc9f6ef1e79ba80f08c401fbed.npy,processed/masks/3d_affordancenet_full_shape_val_batch_v3/3danet_full_23d8f4bc9f6ef1e79ba80f08c401fbed_press_push.npy,processed/masks/3d_affordancenet_full_shape_val_batch_v3/3danet_full_23d8f4bc9f6ef1e79ba80f08c401fbed_press_push.npy,processed/vlm_semantic_part/renders/3danet_full_23d8f4bc9f6ef1e79ba80f08c401fbed_press_push
v3_review_000012,3danet_full_23d8f4bc9f6ef1e79ba80f08c401fbed_press_push,Door,press_push,dexterous_hand,empty_review_required,executor_infeasible_empty_label,confirm_empty,true,false,ordinary_surface_without_operation_meaning,"This object-task pair is kept, but this executor channel is marked infeasible by source metadata. Reviewer should confirm the empty label unless a valid affordance region is visible.",processed/points/3d_affordancenet_full_shape_val_batch_v3/3danet_full_23d8f4bc9f6ef1e79ba80f08c401fbed.npy,processed/masks/3d_affordancenet_full_shape_val_batch_v3/3danet_full_23d8f4bc9f6ef1e79ba80f08c401fbed_press_push.npy,processed/masks/3d_affordancenet_full_shape_val_batch_v3/3danet_full_23d8f4bc9f6ef1e79ba80f08c401fbed_press_push.npy,processed/vlm_semantic_part/renders/3danet_full_23d8f4bc9f6ef1e79ba80f08c401fbed_press_push
v3_review_000013,3danet_full_6fa3be2ac3e1cc7c2962d6cb797bc52e_pick_up,Door,pick_up,gripper,empty_review_required,executor_infeasible_empty_label,confirm_empty,true,false,no_graspable_region,"This object-task pair is kept, but this executor channel is marked infeasible by source metadata. Reviewer should confirm the empty label unless a valid affordance region is visible.",processed/points/3d_affordancenet_full_shape_val_batch_v3/3danet_full_6fa3be2ac3e1cc7c2962d6cb797bc52e.npy,processed/masks/3d_affordancenet_full_shape_val_batch_v3/3danet_full_6fa3be2ac3e1cc7c2962d6cb797bc52e_pick_up.npy,processed/masks/3d_affordancenet_full_shape_val_batch_v3/3danet_full_6fa3be2ac3e1cc7c2962d6cb797bc52e_pick_up.npy,processed/vlm_semantic_part/renders/3danet_full_6fa3be2ac3e1cc7c2962d6cb797bc52e_pick_up
v3_review_000014,3danet_full_6fa3be2ac3e1cc7c2962d6cb797bc52e_pick_up,Door,pick_up,suction,empty_review_required,executor_infeasible_empty_label,confirm_empty,true,false,no_flat_suction_surface,"This object-task pair is kept, but this executor channel is marked infeasible by source metadata. Reviewer should confirm the empty label unless a valid affordance region is visible.",processed/points/3d_affordancenet_full_shape_val_batch_v3/3danet_full_6fa3be2ac3e1cc7c2962d6cb797bc52e.npy,processed/masks/3d_affordancenet_full_shape_val_batch_v3/3danet_full_6fa3be2ac3e1cc7c2962d6cb797bc52e_pick_up.npy,processed/masks/3d_affordancenet_full_shape_val_batch_v3/3danet_full_6fa3be2ac3e1cc7c2962d6cb797bc52e_pick_up.npy,processed/vlm_semantic_part/renders/3danet_full_6fa3be2ac3e1cc7c2962d6cb797bc52e_pick_up
v3_review_000015,3danet_full_6fa3be2ac3e1cc7c2962d6cb797bc52e_pick_up,Door,pick_up,hook,empty_review_required,executor_infeasible_empty_label,confirm_empty,true,false,no_hookable_structure,"This object-task pair is kept, but this executor channel is marked infeasible by source metadata. Reviewer should confirm the empty label unless a valid affordance region is visible.",processed/points/3d_affordancenet_full_shape_val_batch_v3/3danet_full_6fa3be2ac3e1cc7c2962d6cb797bc52e.npy,processed/masks/3d_affordancenet_full_shape_val_batch_v3/3danet_full_6fa3be2ac3e1cc7c2962d6cb797bc52e_pick_up.npy,processed/masks/3d_affordancenet_full_shape_val_batch_v3/3danet_full_6fa3be2ac3e1cc7c2962d6cb797bc52e_pick_up.npy,processed/vlm_semantic_part/renders/3danet_full_6fa3be2ac3e1cc7c2962d6cb797bc52e_pick_up
v3_review_000016,3danet_full_6fa3be2ac3e1cc7c2962d6cb797bc52e_pick_up,Door,pick_up,dexterous_hand,empty_review_required,executor_infeasible_empty_label,confirm_empty,true,false,ordinary_surface_without_operation_meaning,"This object-task pair is kept, but this executor channel is marked infeasible by source metadata. Reviewer should confirm the empty label unless a valid affordance region is visible.",processed/points/3d_affordancenet_full_shape_val_batch_v3/3danet_full_6fa3be2ac3e1cc7c2962d6cb797bc52e.npy,processed/masks/3d_affordancenet_full_shape_val_batch_v3/3danet_full_6fa3be2ac3e1cc7c2962d6cb797bc52e_pick_up.npy,processed/masks/3d_affordancenet_full_shape_val_batch_v3/3danet_full_6fa3be2ac3e1cc7c2962d6cb797bc52e_pick_up.npy,processed/vlm_semantic_part/renders/3danet_full_6fa3be2ac3e1cc7c2962d6cb797bc52e_pick_up
v3_review_000017,3danet_full_6fa3be2ac3e1cc7c2962d6cb797bc52e_open_pull,Door,open_pull,gripper,review,large_scale_review,point_refine,true,true,,Large-scale first-pass human review queue; candidate generation should propose top-k regions and reviewers finalize the mask.,processed/points/3d_affordancenet_full_shape_val_batch_v3/3danet_full_6fa3be2ac3e1cc7c2962d6cb797bc52e.npy,processed/masks/3d_affordancenet_full_shape_val_batch_v3/3danet_full_6fa3be2ac3e1cc7c2962d6cb797bc52e_open_pull.npy,processed/masks/3d_affordancenet_full_shape_val_batch_v3/3danet_full_6fa3be2ac3e1cc7c2962d6cb797bc52e_open_pull.npy,processed/vlm_semantic_part/renders/3danet_full_6fa3be2ac3e1cc7c2962d6cb797bc52e_open_pull
v3_review_000018,3danet_full_6fa3be2ac3e1cc7c2962d6cb797bc52e_open_pull,Door,open_pull,suction,review,large_scale_review,point_refine,true,true,,Large-scale first-pass human review queue; candidate generation should propose top-k regions and reviewers finalize the mask.,processed/points/3d_affordancenet_full_shape_val_batch_v3/3danet_full_6fa3be2ac3e1cc7c2962d6cb797bc52e.npy,processed/masks/3d_affordancenet_full_shape_val_batch_v3/3danet_full_6fa3be2ac3e1cc7c2962d6cb797bc52e_open_pull.npy,processed/masks/3d_affordancenet_full_shape_val_batch_v3/3danet_full_6fa3be2ac3e1cc7c2962d6cb797bc52e_open_pull.npy,processed/vlm_semantic_part/renders/3danet_full_6fa3be2ac3e1cc7c2962d6cb797bc52e_open_pull
v3_review_000019,3danet_full_6fa3be2ac3e1cc7c2962d6cb797bc52e_open_pull,Door,open_pull,hook,review,large_scale_review,point_refine,true,true,,Large-scale first-pass human review queue; candidate generation should propose top-k regions and reviewers finalize the mask.,processed/points/3d_affordancenet_full_shape_val_batch_v3/3danet_full_6fa3be2ac3e1cc7c2962d6cb797bc52e.npy,processed/masks/3d_affordancenet_full_shape_val_batch_v3/3danet_full_6fa3be2ac3e1cc7c2962d6cb797bc52e_open_pull.npy,processed/masks/3d_affordancenet_full_shape_val_batch_v3/3danet_full_6fa3be2ac3e1cc7c2962d6cb797bc52e_open_pull.npy,processed/vlm_semantic_part/renders/3danet_full_6fa3be2ac3e1cc7c2962d6cb797bc52e_open_pull
v3_review_000020,3danet_full_6fa3be2ac3e1cc7c2962d6cb797bc52e_open_pull,Door,open_pull,dexterous_hand,review,large_scale_review,point_refine,true,true,,Large-scale first-pass human review queue; candidate generation should propose top-k regions and reviewers finalize the mask.,processed/points/3d_affordancenet_full_shape_val_batch_v3/3danet_full_6fa3be2ac3e1cc7c2962d6cb797bc52e.npy,processed/masks/3d_affordancenet_full_shape_val_batch_v3/3danet_full_6fa3be2ac3e1cc7c2962d6cb797bc52e_open_pull.npy,processed/masks/3d_affordancenet_full_shape_val_batch_v3/3danet_full_6fa3be2ac3e1cc7c2962d6cb797bc52e_open_pull.npy,processed/vlm_semantic_part/renders/3danet_full_6fa3be2ac3e1cc7c2962d6cb797bc52e_open_pull
v3_review_000021,3danet_full_6fa3be2ac3e1cc7c2962d6cb797bc52e_press_push,Door,press_push,gripper,empty_review_required,executor_infeasible_empty_label,confirm_empty,true,false,no_graspable_region,"This object-task pair is kept, but this executor channel is marked infeasible by source metadata. Reviewer should confirm the empty label unless a valid affordance region is visible.",processed/points/3d_affordancenet_full_shape_val_batch_v3/3danet_full_6fa3be2ac3e1cc7c2962d6cb797bc52e.npy,processed/masks/3d_affordancenet_full_shape_val_batch_v3/3danet_full_6fa3be2ac3e1cc7c2962d6cb797bc52e_press_push.npy,processed/masks/3d_affordancenet_full_shape_val_batch_v3/3danet_full_6fa3be2ac3e1cc7c2962d6cb797bc52e_press_push.npy,processed/vlm_semantic_part/renders/3danet_full_6fa3be2ac3e1cc7c2962d6cb797bc52e_press_push
v3_review_000022,3danet_full_6fa3be2ac3e1cc7c2962d6cb797bc52e_press_push,Door,press_push,suction,review,large_scale_review,point_refine,true,true,,Large-scale first-pass human review queue; candidate generation should propose top-k regions and reviewers finalize the mask.,processed/points/3d_affordancenet_full_shape_val_batch_v3/3danet_full_6fa3be2ac3e1cc7c2962d6cb797bc52e.npy,processed/masks/3d_affordancenet_full_shape_val_batch_v3/3danet_full_6fa3be2ac3e1cc7c2962d6cb797bc52e_press_push.npy,processed/masks/3d_affordancenet_full_shape_val_batch_v3/3danet_full_6fa3be2ac3e1cc7c2962d6cb797bc52e_press_push.npy,processed/vlm_semantic_part/renders/3danet_full_6fa3be2ac3e1cc7c2962d6cb797bc52e_press_push
v3_review_000023,3danet_full_6fa3be2ac3e1cc7c2962d6cb797bc52e_press_push,Door,press_push,hook,empty_review_required,executor_infeasible_empty_label,confirm_empty,true,false,no_hookable_structure,"This object-task pair is kept, but this executor channel is marked infeasible by source metadata. Reviewer should confirm the empty label unless a valid affordance region is visible.",processed/points/3d_affordancenet_full_shape_val_batch_v3/3danet_full_6fa3be2ac3e1cc7c2962d6cb797bc52e.npy,processed/masks/3d_affordancenet_full_shape_val_batch_v3/3danet_full_6fa3be2ac3e1cc7c2962d6cb797bc52e_press_push.npy,processed/masks/3d_affordancenet_full_shape_val_batch_v3/3danet_full_6fa3be2ac3e1cc7c2962d6cb797bc52e_press_push.npy,processed/vlm_semantic_part/renders/3danet_full_6fa3be2ac3e1cc7c2962d6cb797bc52e_press_push
v3_review_000024,3danet_full_6fa3be2ac3e1cc7c2962d6cb797bc52e_press_push,Door,press_push,dexterous_hand,empty_review_required,executor_infeasible_empty_label,confirm_empty,true,false,ordinary_surface_without_operation_meaning,"This object-task pair is kept, but this executor channel is marked infeasible by source metadata. Reviewer should confirm the empty label unless a valid affordance region is visible.",processed/points/3d_affordancenet_full_shape_val_batch_v3/3danet_full_6fa3be2ac3e1cc7c2962d6cb797bc52e.npy,processed/masks/3d_affordancenet_full_shape_val_batch_v3/3danet_full_6fa3be2ac3e1cc7c2962d6cb797bc52e_press_push.npy,processed/masks/3d_affordancenet_full_shape_val_batch_v3/3danet_full_6fa3be2ac3e1cc7c2962d6cb797bc52e_press_push.npy,processed/vlm_semantic_part/renders/3danet_full_6fa3be2ac3e1cc7c2962d6cb797bc52e_press_push
v3_review_000025,3danet_full_55941165e4a7ffce368b7a773edbca80_pick_up,Door,pick_up,gripper,empty_review_required,executor_infeasible_empty_label,confirm_empty,true,false,no_graspable_region,"This object-task pair is kept, but this executor channel is marked infeasible by source metadata. Reviewer should confirm the empty label unless a valid affordance region is visible.",processed/points/3d_affordancenet_full_shape_val_batch_v3/3danet_full_55941165e4a7ffce368b7a773edbca80.npy,processed/masks/3d_affordancenet_full_shape_val_batch_v3/3danet_full_55941165e4a7ffce368b7a773edbca80_pick_up.npy,processed/masks/3d_affordancenet_full_shape_val_batch_v3/3danet_full_55941165e4a7ffce368b7a773edbca80_pick_up.npy,processed/vlm_semantic_part/renders/3danet_full_55941165e4a7ffce368b7a773edbca80_pick_up
v3_review_000026,3danet_full_55941165e4a7ffce368b7a773edbca80_pick_up,Door,pick_up,suction,empty_review_required,executor_infeasible_empty_label,confirm_empty,true,false,no_flat_suction_surface,"This object-task pair is kept, but this executor channel is marked infeasible by source metadata. Reviewer should confirm the empty label unless a valid affordance region is visible.",processed/points/3d_affordancenet_full_shape_val_batch_v3/3danet_full_55941165e4a7ffce368b7a773edbca80.npy,processed/masks/3d_affordancenet_full_shape_val_batch_v3/3danet_full_55941165e4a7ffce368b7a773edbca80_pick_up.npy,processed/masks/3d_affordancenet_full_shape_val_batch_v3/3danet_full_55941165e4a7ffce368b7a773edbca80_pick_up.npy,processed/vlm_semantic_part/renders/3danet_full_55941165e4a7ffce368b7a773edbca80_pick_up
v3_review_000027,3danet_full_55941165e4a7ffce368b7a773edbca80_pick_up,Door,pick_up,hook,empty_review_required,executor_infeasible_empty_label,confirm_empty,true,false,no_hookable_structure,"This object-task pair is kept, but this executor channel is marked infeasible by source metadata. Reviewer should confirm the empty label unless a valid affordance region is visible.",processed/points/3d_affordancenet_full_shape_val_batch_v3/3danet_full_55941165e4a7ffce368b7a773edbca80.npy,processed/masks/3d_affordancenet_full_shape_val_batch_v3/3danet_full_55941165e4a7ffce368b7a773edbca80_pick_up.npy,processed/masks/3d_affordancenet_full_shape_val_batch_v3/3danet_full_55941165e4a7ffce368b7a773edbca80_pick_up.npy,processed/vlm_semantic_part/renders/3danet_full_55941165e4a7ffce368b7a773edbca80_pick_up
v3_review_000028,3danet_full_55941165e4a7ffce368b7a773edbca80_pick_up,Door,pick_up,dexterous_hand,empty_review_required,executor_infeasible_empty_label,confirm_empty,true,false,ordinary_surface_without_operation_meaning,"This object-task pair is kept, but this executor channel is marked infeasible by source metadata. Reviewer should confirm the empty label unless a valid affordance region is visible.",processed/points/3d_affordancenet_full_shape_val_batch_v3/3danet_full_55941165e4a7ffce368b7a773edbca80.npy,processed/masks/3d_affordancenet_full_shape_val_batch_v3/3danet_full_55941165e4a7ffce368b7a773edbca80_pick_up.npy,processed/masks/3d_affordancenet_full_shape_val_batch_v3/3danet_full_55941165e4a7ffce368b7a773edbca80_pick_up.npy,processed/vlm_semantic_part/renders/3danet_full_55941165e4a7ffce368b7a773edbca80_pick_up
v3_review_000029,3danet_full_55941165e4a7ffce368b7a773edbca80_open_pull,Door,open_pull,gripper,empty_review_required,executor_infeasible_empty_label,confirm_empty,true,false,no_graspable_region,"This object-task pair is kept, but this executor channel is marked infeasible by source metadata. Reviewer should confirm the empty label unless a valid affordance region is visible.",processed/points/3d_affordancenet_full_shape_val_batch_v3/3danet_full_55941165e4a7ffce368b7a773edbca80.npy,processed/masks/3d_affordancenet_full_shape_val_batch_v3/3danet_full_55941165e4a7ffce368b7a773edbca80_open_pull.npy,processed/masks/3d_affordancenet_full_shape_val_batch_v3/3danet_full_55941165e4a7ffce368b7a773edbca80_open_pull.npy,processed/vlm_semantic_part/renders/3danet_full_55941165e4a7ffce368b7a773edbca80_open_pull
v3_review_000030,3danet_full_55941165e4a7ffce368b7a773edbca80_open_pull,Door,open_pull,suction,review,large_scale_review,point_refine,true,true,,Large-scale first-pass human review queue; candidate generation should propose top-k regions and reviewers finalize the mask.,processed/points/3d_affordancenet_full_shape_val_batch_v3/3danet_full_55941165e4a7ffce368b7a773edbca80.npy,processed/masks/3d_affordancenet_full_shape_val_batch_v3/3danet_full_55941165e4a7ffce368b7a773edbca80_open_pull.npy,processed/masks/3d_affordancenet_full_shape_val_batch_v3/3danet_full_55941165e4a7ffce368b7a773edbca80_open_pull.npy,processed/vlm_semantic_part/renders/3danet_full_55941165e4a7ffce368b7a773edbca80_open_pull
v3_review_000031,3danet_full_55941165e4a7ffce368b7a773edbca80_open_pull,Door,open_pull,hook,empty_review_required,executor_infeasible_empty_label,confirm_empty,true,false,no_hookable_structure,"This object-task pair is kept, but this executor channel is marked infeasible by source metadata. Reviewer should confirm the empty label unless a valid affordance region is visible.",processed/points/3d_affordancenet_full_shape_val_batch_v3/3danet_full_55941165e4a7ffce368b7a773edbca80.npy,processed/masks/3d_affordancenet_full_shape_val_batch_v3/3danet_full_55941165e4a7ffce368b7a773edbca80_open_pull.npy,processed/masks/3d_affordancenet_full_shape_val_batch_v3/3danet_full_55941165e4a7ffce368b7a773edbca80_open_pull.npy,processed/vlm_semantic_part/renders/3danet_full_55941165e4a7ffce368b7a773edbca80_open_pull
v3_review_000032,3danet_full_55941165e4a7ffce368b7a773edbca80_open_pull,Door,open_pull,dexterous_hand,empty_review_required,executor_infeasible_empty_label,confirm_empty,true,false,ordinary_surface_without_operation_meaning,"This object-task pair is kept, but this executor channel is marked infeasible by source metadata. Reviewer should confirm the empty label unless a valid affordance region is visible.",processed/points/3d_affordancenet_full_shape_val_batch_v3/3danet_full_55941165e4a7ffce368b7a773edbca80.npy,processed/masks/3d_affordancenet_full_shape_val_batch_v3/3danet_full_55941165e4a7ffce368b7a773edbca80_open_pull.npy,processed/masks/3d_affordancenet_full_shape_val_batch_v3/3danet_full_55941165e4a7ffce368b7a773edbca80_open_pull.npy,processed/vlm_semantic_part/renders/3danet_full_55941165e4a7ffce368b7a773edbca80_open_pull
v3_review_000033,3danet_full_55941165e4a7ffce368b7a773edbca80_press_push,Door,press_push,gripper,empty_review_required,executor_infeasible_empty_label,confirm_empty,true,false,no_graspable_region,"This object-task pair is kept, but this executor channel is marked infeasible by source metadata. Reviewer should confirm the empty label unless a valid affordance region is visible.",processed/points/3d_affordancenet_full_shape_val_batch_v3/3danet_full_55941165e4a7ffce368b7a773edbca80.npy,processed/masks/3d_affordancenet_full_shape_val_batch_v3/3danet_full_55941165e4a7ffce368b7a773edbca80_press_push.npy,processed/masks/3d_affordancenet_full_shape_val_batch_v3/3danet_full_55941165e4a7ffce368b7a773edbca80_press_push.npy,processed/vlm_semantic_part/renders/3danet_full_55941165e4a7ffce368b7a773edbca80_press_push
v3_review_000034,3danet_full_55941165e4a7ffce368b7a773edbca80_press_push,Door,press_push,suction,review,large_scale_review,point_refine,true,true,,Large-scale first-pass human review queue; candidate generation should propose top-k regions and reviewers finalize the mask.,processed/points/3d_affordancenet_full_shape_val_batch_v3/3danet_full_55941165e4a7ffce368b7a773edbca80.npy,processed/masks/3d_affordancenet_full_shape_val_batch_v3/3danet_full_55941165e4a7ffce368b7a773edbca80_press_push.npy,processed/masks/3d_affordancenet_full_shape_val_batch_v3/3danet_full_55941165e4a7ffce368b7a773edbca80_press_push.npy,processed/vlm_semantic_part/renders/3danet_full_55941165e4a7ffce368b7a773edbca80_press_push
v3_review_000035,3danet_full_55941165e4a7ffce368b7a773edbca80_press_push,Door,press_push,hook,empty_review_required,executor_infeasible_empty_label,confirm_empty,true,false,no_hookable_structure,"This object-task pair is kept, but this executor channel is marked infeasible by source metadata. Reviewer should confirm the empty label unless a valid affordance region is visible.",processed/points/3d_affordancenet_full_shape_val_batch_v3/3danet_full_55941165e4a7ffce368b7a773edbca80.npy,processed/masks/3d_affordancenet_full_shape_val_batch_v3/3danet_full_55941165e4a7ffce368b7a773edbca80_press_push.npy,processed/masks/3d_affordancenet_full_shape_val_batch_v3/3danet_full_55941165e4a7ffce368b7a773edbca80_press_push.npy,processed/vlm_semantic_part/renders/3danet_full_55941165e4a7ffce368b7a773edbca80_press_push
v3_review_000036,3danet_full_55941165e4a7ffce368b7a773edbca80_press_push,Door,press_push,dexterous_hand,empty_review_required,executor_infeasible_empty_label,confirm_empty,true,false,ordinary_surface_without_operation_meaning,"This object-task pair is kept, but this executor channel is marked infeasible by source metadata. Reviewer should confirm the empty label unless a valid affordance region is visible.",processed/points/3d_affordancenet_full_shape_val_batch_v3/3danet_full_55941165e4a7ffce368b7a773edbca80.npy,processed/masks/3d_affordancenet_full_shape_val_batch_v3/3danet_full_55941165e4a7ffce368b7a773edbca80_press_push.npy,processed/masks/3d_affordancenet_full_shape_val_batch_v3/3danet_full_55941165e4a7ffce368b7a773edbca80_press_push.npy,processed/vlm_semantic_part/renders/3danet_full_55941165e4a7ffce368b7a773edbca80_press_push
v3_review_000037,3danet_full_ec245748cbad16b1d747a43c11e738e9_pick_up,Door,pick_up,gripper,empty_review_required,executor_infeasible_empty_label,confirm_empty,true,false,no_graspable_region,"This object-task pair is kept, but this executor channel is marked infeasible by source metadata. Reviewer should confirm the empty label unless a valid affordance region is visible.",processed/points/3d_affordancenet_full_shape_val_batch_v3/3danet_full_ec245748cbad16b1d747a43c11e738e9.npy,processed/masks/3d_affordancenet_full_shape_val_batch_v3/3danet_full_ec245748cbad16b1d747a43c11e738e9_pick_up.npy,processed/masks/3d_affordancenet_full_shape_val_batch_v3/3danet_full_ec245748cbad16b1d747a43c11e738e9_pick_up.npy,processed/vlm_semantic_part/renders/3danet_full_ec245748cbad16b1d747a43c11e738e9_pick_up
v3_review_000038,3danet_full_ec245748cbad16b1d747a43c11e738e9_pick_up,Door,pick_up,suction,empty_review_required,executor_infeasible_empty_label,confirm_empty,true,false,no_flat_suction_surface,"This object-task pair is kept, but this executor channel is marked infeasible by source metadata. Reviewer should confirm the empty label unless a valid affordance region is visible.",processed/points/3d_affordancenet_full_shape_val_batch_v3/3danet_full_ec245748cbad16b1d747a43c11e738e9.npy,processed/masks/3d_affordancenet_full_shape_val_batch_v3/3danet_full_ec245748cbad16b1d747a43c11e738e9_pick_up.npy,processed/masks/3d_affordancenet_full_shape_val_batch_v3/3danet_full_ec245748cbad16b1d747a43c11e738e9_pick_up.npy,processed/vlm_semantic_part/renders/3danet_full_ec245748cbad16b1d747a43c11e738e9_pick_up
v3_review_000039,3danet_full_ec245748cbad16b1d747a43c11e738e9_pick_up,Door,pick_up,hook,empty_review_required,executor_infeasible_empty_label,confirm_empty,true,false,no_hookable_structure,"This object-task pair is kept, but this executor channel is marked infeasible by source metadata. Reviewer should confirm the empty label unless a valid affordance region is visible.",processed/points/3d_affordancenet_full_shape_val_batch_v3/3danet_full_ec245748cbad16b1d747a43c11e738e9.npy,processed/masks/3d_affordancenet_full_shape_val_batch_v3/3danet_full_ec245748cbad16b1d747a43c11e738e9_pick_up.npy,processed/masks/3d_affordancenet_full_shape_val_batch_v3/3danet_full_ec245748cbad16b1d747a43c11e738e9_pick_up.npy,processed/vlm_semantic_part/renders/3danet_full_ec245748cbad16b1d747a43c11e738e9_pick_up
v3_review_000040,3danet_full_ec245748cbad16b1d747a43c11e738e9_pick_up,Door,pick_up,dexterous_hand,empty_review_required,executor_infeasible_empty_label,confirm_empty,true,false,ordinary_surface_without_operation_meaning,"This object-task pair is kept, but this executor channel is marked infeasible by source metadata. Reviewer should confirm the empty label unless a valid affordance region is visible.",processed/points/3d_affordancenet_full_shape_val_batch_v3/3danet_full_ec245748cbad16b1d747a43c11e738e9.npy,processed/masks/3d_affordancenet_full_shape_val_batch_v3/3danet_full_ec245748cbad16b1d747a43c11e738e9_pick_up.npy,processed/masks/3d_affordancenet_full_shape_val_batch_v3/3danet_full_ec245748cbad16b1d747a43c11e738e9_pick_up.npy,processed/vlm_semantic_part/renders/3danet_full_ec245748cbad16b1d747a43c11e738e9_pick_up
v3_review_000041,3danet_full_ec245748cbad16b1d747a43c11e738e9_open_pull,Door,open_pull,gripper,review,large_scale_review,point_refine,true,true,,Large-scale first-pass human review queue; candidate generation should propose top-k regions and reviewers finalize the mask.,processed/points/3d_affordancenet_full_shape_val_batch_v3/3danet_full_ec245748cbad16b1d747a43c11e738e9.npy,processed/masks/3d_affordancenet_full_shape_val_batch_v3/3danet_full_ec245748cbad16b1d747a43c11e738e9_open_pull.npy,processed/masks/3d_affordancenet_full_shape_val_batch_v3/3danet_full_ec245748cbad16b1d747a43c11e738e9_open_pull.npy,processed/vlm_semantic_part/renders/3danet_full_ec245748cbad16b1d747a43c11e738e9_open_pull
v3_review_000042,3danet_full_ec245748cbad16b1d747a43c11e738e9_open_pull,Door,open_pull,suction,review,large_scale_review,point_refine,true,true,,Large-scale first-pass human review queue; candidate generation should propose top-k regions and reviewers finalize the mask.,processed/points/3d_affordancenet_full_shape_val_batch_v3/3danet_full_ec245748cbad16b1d747a43c11e738e9.npy,processed/masks/3d_affordancenet_full_shape_val_batch_v3/3danet_full_ec245748cbad16b1d747a43c11e738e9_open_pull.npy,processed/masks/3d_affordancenet_full_shape_val_batch_v3/3danet_full_ec245748cbad16b1d747a43c11e738e9_open_pull.npy,processed/vlm_semantic_part/renders/3danet_full_ec245748cbad16b1d747a43c11e738e9_open_pull
v3_review_000043,3danet_full_ec245748cbad16b1d747a43c11e738e9_open_pull,Door,open_pull,hook,empty_review_required,executor_infeasible_empty_label,confirm_empty,true,false,no_hookable_structure,"This object-task pair is kept, but this executor channel is marked infeasible by source metadata. Reviewer should confirm the empty label unless a valid affordance region is visible.",processed/points/3d_affordancenet_full_shape_val_batch_v3/3danet_full_ec245748cbad16b1d747a43c11e738e9.npy,processed/masks/3d_affordancenet_full_shape_val_batch_v3/3danet_full_ec245748cbad16b1d747a43c11e738e9_open_pull.npy,processed/masks/3d_affordancenet_full_shape_val_batch_v3/3danet_full_ec245748cbad16b1d747a43c11e738e9_open_pull.npy,processed/vlm_semantic_part/renders/3danet_full_ec245748cbad16b1d747a43c11e738e9_open_pull
v3_review_000044,3danet_full_ec245748cbad16b1d747a43c11e738e9_open_pull,Door,open_pull,dexterous_hand,review,large_scale_review,point_refine,true,true,,Large-scale first-pass human review queue; candidate generation should propose top-k regions and reviewers finalize the mask.,processed/points/3d_affordancenet_full_shape_val_batch_v3/3danet_full_ec245748cbad16b1d747a43c11e738e9.npy,processed/masks/3d_affordancenet_full_shape_val_batch_v3/3danet_full_ec245748cbad16b1d747a43c11e738e9_open_pull.npy,processed/masks/3d_affordancenet_full_shape_val_batch_v3/3danet_full_ec245748cbad16b1d747a43c11e738e9_open_pull.npy,processed/vlm_semantic_part/renders/3danet_full_ec245748cbad16b1d747a43c11e738e9_open_pull
v3_review_000045,3danet_full_ec245748cbad16b1d747a43c11e738e9_press_push,Door,press_push,gripper,empty_review_required,executor_infeasible_empty_label,confirm_empty,true,false,no_graspable_region,"This object-task pair is kept, but this executor channel is marked infeasible by source metadata. Reviewer should confirm the empty label unless a valid affordance region is visible.",processed/points/3d_affordancenet_full_shape_val_batch_v3/3danet_full_ec245748cbad16b1d747a43c11e738e9.npy,processed/masks/3d_affordancenet_full_shape_val_batch_v3/3danet_full_ec245748cbad16b1d747a43c11e738e9_press_push.npy,processed/masks/3d_affordancenet_full_shape_val_batch_v3/3danet_full_ec245748cbad16b1d747a43c11e738e9_press_push.npy,processed/vlm_semantic_part/renders/3danet_full_ec245748cbad16b1d747a43c11e738e9_press_push
v3_review_000046,3danet_full_ec245748cbad16b1d747a43c11e738e9_press_push,Door,press_push,suction,review,large_scale_review,point_refine,true,true,,Large-scale first-pass human review queue; candidate generation should propose top-k regions and reviewers finalize the mask.,processed/points/3d_affordancenet_full_shape_val_batch_v3/3danet_full_ec245748cbad16b1d747a43c11e738e9.npy,processed/masks/3d_affordancenet_full_shape_val_batch_v3/3danet_full_ec245748cbad16b1d747a43c11e738e9_press_push.npy,processed/masks/3d_affordancenet_full_shape_val_batch_v3/3danet_full_ec245748cbad16b1d747a43c11e738e9_press_push.npy,processed/vlm_semantic_part/renders/3danet_full_ec245748cbad16b1d747a43c11e738e9_press_push
v3_review_000047,3danet_full_ec245748cbad16b1d747a43c11e738e9_press_push,Door,press_push,hook,empty_review_required,executor_infeasible_empty_label,confirm_empty,true,false,no_hookable_structure,"This object-task pair is kept, but this executor channel is marked infeasible by source metadata. Reviewer should confirm the empty label unless a valid affordance region is visible.",processed/points/3d_affordancenet_full_shape_val_batch_v3/3danet_full_ec245748cbad16b1d747a43c11e738e9.npy,processed/masks/3d_affordancenet_full_shape_val_batch_v3/3danet_full_ec245748cbad16b1d747a43c11e738e9_press_push.npy,processed/masks/3d_affordancenet_full_shape_val_batch_v3/3danet_full_ec245748cbad16b1d747a43c11e738e9_press_push.npy,processed/vlm_semantic_part/renders/3danet_full_ec245748cbad16b1d747a43c11e738e9_press_push
v3_review_000048,3danet_full_ec245748cbad16b1d747a43c11e738e9_press_push,Door,press_push,dexterous_hand,empty_review_required,executor_infeasible_empty_label,confirm_empty,true,false,ordinary_surface_without_operation_meaning,"This object-task pair is kept, but this executor channel is marked infeasible by source metadata. Reviewer should confirm the empty label unless a valid affordance region is visible.",processed/points/3d_affordancenet_full_shape_val_batch_v3/3danet_full_ec245748cbad16b1d747a43c11e738e9.npy,processed/masks/3d_affordancenet_full_shape_val_batch_v3/3danet_full_ec245748cbad16b1d747a43c11e738e9_press_push.npy,processed/masks/3d_affordancenet_full_shape_val_batch_v3/3danet_full_ec245748cbad16b1d747a43c11e738e9_press_push.npy,processed/vlm_semantic_part/renders/3danet_full_ec245748cbad16b1d747a43c11e738e9_press_push
v3_review_000049,3danet_full_a84d2cc0062f235193eb56b73b144756_pick_up,Door,pick_up,gripper,empty_review_required,executor_infeasible_empty_label,confirm_empty,true,false,no_graspable_region,"This object-task pair is kept, but this executor channel is marked infeasible by source metadata. Reviewer should confirm the empty label unless a valid affordance region is visible.",processed/points/3d_affordancenet_full_shape_val_batch_v3/3danet_full_a84d2cc0062f235193eb56b73b144756.npy,processed/masks/3d_affordancenet_full_shape_val_batch_v3/3danet_full_a84d2cc0062f235193eb56b73b144756_pick_up.npy,processed/masks/3d_affordancenet_full_shape_val_batch_v3/3danet_full_a84d2cc0062f235193eb56b73b144756_pick_up.npy,processed/vlm_semantic_part/renders/3danet_full_a84d2cc0062f235193eb56b73b144756_pick_up
v3_review_000050,3danet_full_a84d2cc0062f235193eb56b73b144756_pick_up,Door,pick_up,suction,empty_review_required,executor_infeasible_empty_label,confirm_empty,true,false,no_flat_suction_surface,"This object-task pair is kept, but this executor channel is marked infeasible by source metadata. Reviewer should confirm the empty label unless a valid affordance region is visible.",processed/points/3d_affordancenet_full_shape_val_batch_v3/3danet_full_a84d2cc0062f235193eb56b73b144756.npy,processed/masks/3d_affordancenet_full_shape_val_batch_v3/3danet_full_a84d2cc0062f235193eb56b73b144756_pick_up.npy,processed/masks/3d_affordancenet_full_shape_val_batch_v3/3danet_full_a84d2cc0062f235193eb56b73b144756_pick_up.npy,processed/vlm_semantic_part/renders/3danet_full_a84d2cc0062f235193eb56b73b144756_pick_up
v3_review_000051,3danet_full_a84d2cc0062f235193eb56b73b144756_pick_up,Door,pick_up,hook,empty_review_required,executor_infeasible_empty_label,confirm_empty,true,false,no_hookable_structure,"This object-task pair is kept, but this executor channel is marked infeasible by source metadata. Reviewer should confirm the empty label unless a valid affordance region is visible.",processed/points/3d_affordancenet_full_shape_val_batch_v3/3danet_full_a84d2cc0062f235193eb56b73b144756.npy,processed/masks/3d_affordancenet_full_shape_val_batch_v3/3danet_full_a84d2cc0062f235193eb56b73b144756_pick_up.npy,processed/masks/3d_affordancenet_full_shape_val_batch_v3/3danet_full_a84d2cc0062f235193eb56b73b144756_pick_up.npy,processed/vlm_semantic_part/renders/3danet_full_a84d2cc0062f235193eb56b73b144756_pick_up
v3_review_000052,3danet_full_a84d2cc0062f235193eb56b73b144756_pick_up,Door,pick_up,dexterous_hand,empty_review_required,executor_infeasible_empty_label,confirm_empty,true,false,ordinary_surface_without_operation_meaning,"This object-task pair is kept, but this executor channel is marked infeasible by source metadata. Reviewer should confirm the empty label unless a valid affordance region is visible.",processed/points/3d_affordancenet_full_shape_val_batch_v3/3danet_full_a84d2cc0062f235193eb56b73b144756.npy,processed/masks/3d_affordancenet_full_shape_val_batch_v3/3danet_full_a84d2cc0062f235193eb56b73b144756_pick_up.npy,processed/masks/3d_affordancenet_full_shape_val_batch_v3/3danet_full_a84d2cc0062f235193eb56b73b144756_pick_up.npy,processed/vlm_semantic_part/renders/3danet_full_a84d2cc0062f235193eb56b73b144756_pick_up
v3_review_000053,3danet_full_a84d2cc0062f235193eb56b73b144756_open_pull,Door,open_pull,gripper,review,large_scale_review,point_refine,true,true,,Large-scale first-pass human review queue; candidate generation should propose top-k regions and reviewers finalize the mask.,processed/points/3d_affordancenet_full_shape_val_batch_v3/3danet_full_a84d2cc0062f235193eb56b73b144756.npy,processed/masks/3d_affordancenet_full_shape_val_batch_v3/3danet_full_a84d2cc0062f235193eb56b73b144756_open_pull.npy,processed/masks/3d_affordancenet_full_shape_val_batch_v3/3danet_full_a84d2cc0062f235193eb56b73b144756_open_pull.npy,processed/vlm_semantic_part/renders/3danet_full_a84d2cc0062f235193eb56b73b144756_open_pull
v3_review_000054,3danet_full_a84d2cc0062f235193eb56b73b144756_open_pull,Door,open_pull,suction,review,large_scale_review,point_refine,true,true,,Large-scale first-pass human review queue; candidate generation should propose top-k regions and reviewers finalize the mask.,processed/points/3d_affordancenet_full_shape_val_batch_v3/3danet_full_a84d2cc0062f235193eb56b73b144756.npy,processed/masks/3d_affordancenet_full_shape_val_batch_v3/3danet_full_a84d2cc0062f235193eb56b73b144756_open_pull.npy,processed/masks/3d_affordancenet_full_shape_val_batch_v3/3danet_full_a84d2cc0062f235193eb56b73b144756_open_pull.npy,processed/vlm_semantic_part/renders/3danet_full_a84d2cc0062f235193eb56b73b144756_open_pull
v3_review_000055,3danet_full_a84d2cc0062f235193eb56b73b144756_open_pull,Door,open_pull,hook,review,large_scale_review,point_refine,true,true,,Large-scale first-pass human review queue; candidate generation should propose top-k regions and reviewers finalize the mask.,processed/points/3d_affordancenet_full_shape_val_batch_v3/3danet_full_a84d2cc0062f235193eb56b73b144756.npy,processed/masks/3d_affordancenet_full_shape_val_batch_v3/3danet_full_a84d2cc0062f235193eb56b73b144756_open_pull.npy,processed/masks/3d_affordancenet_full_shape_val_batch_v3/3danet_full_a84d2cc0062f235193eb56b73b144756_open_pull.npy,processed/vlm_semantic_part/renders/3danet_full_a84d2cc0062f235193eb56b73b144756_open_pull
v3_review_000056,3danet_full_a84d2cc0062f235193eb56b73b144756_open_pull,Door,open_pull,dexterous_hand,review,large_scale_review,point_refine,true,true,,Large-scale first-pass human review queue; candidate generation should propose top-k regions and reviewers finalize the mask.,processed/points/3d_affordancenet_full_shape_val_batch_v3/3danet_full_a84d2cc0062f235193eb56b73b144756.npy,processed/masks/3d_affordancenet_full_shape_val_batch_v3/3danet_full_a84d2cc0062f235193eb56b73b144756_open_pull.npy,processed/masks/3d_affordancenet_full_shape_val_batch_v3/3danet_full_a84d2cc0062f235193eb56b73b144756_open_pull.npy,processed/vlm_semantic_part/renders/3danet_full_a84d2cc0062f235193eb56b73b144756_open_pull
v3_review_000057,3danet_full_a84d2cc0062f235193eb56b73b144756_press_push,Door,press_push,gripper,empty_review_required,executor_infeasible_empty_label,confirm_empty,true,false,no_graspable_region,"This object-task pair is kept, but this executor channel is marked infeasible by source metadata. Reviewer should confirm the empty label unless a valid affordance region is visible.",processed/points/3d_affordancenet_full_shape_val_batch_v3/3danet_full_a84d2cc0062f235193eb56b73b144756.npy,processed/masks/3d_affordancenet_full_shape_val_batch_v3/3danet_full_a84d2cc0062f235193eb56b73b144756_press_push.npy,processed/masks/3d_affordancenet_full_shape_val_batch_v3/3danet_full_a84d2cc0062f235193eb56b73b144756_press_push.npy,processed/vlm_semantic_part/renders/3danet_full_a84d2cc0062f235193eb56b73b144756_press_push
v3_review_000058,3danet_full_a84d2cc0062f235193eb56b73b144756_press_push,Door,press_push,suction,review,large_scale_review,point_refine,true,true,,Large-scale first-pass human review queue; candidate generation should propose top-k regions and reviewers finalize the mask.,processed/points/3d_affordancenet_full_shape_val_batch_v3/3danet_full_a84d2cc0062f235193eb56b73b144756.npy,processed/masks/3d_affordancenet_full_shape_val_batch_v3/3danet_full_a84d2cc0062f235193eb56b73b144756_press_push.npy,processed/masks/3d_affordancenet_full_shape_val_batch_v3/3danet_full_a84d2cc0062f235193eb56b73b144756_press_push.npy,processed/vlm_semantic_part/renders/3danet_full_a84d2cc0062f235193eb56b73b144756_press_push
v3_review_000059,3danet_full_a84d2cc0062f235193eb56b73b144756_press_push,Door,press_push,hook,empty_review_required,executor_infeasible_empty_label,confirm_empty,true,false,no_hookable_structure,"This object-task pair is kept, but this executor channel is marked infeasible by source metadata. Reviewer should confirm the empty label unless a valid affordance region is visible.",processed/points/3d_affordancenet_full_shape_val_batch_v3/3danet_full_a84d2cc0062f235193eb56b73b144756.npy,processed/masks/3d_affordancenet_full_shape_val_batch_v3/3danet_full_a84d2cc0062f235193eb56b73b144756_press_push.npy,processed/masks/3d_affordancenet_full_shape_val_batch_v3/3danet_full_a84d2cc0062f235193eb56b73b144756_press_push.npy,processed/vlm_semantic_part/renders/3danet_full_a84d2cc0062f235193eb56b73b144756_press_push
v3_review_000060,3danet_full_a84d2cc0062f235193eb56b73b144756_press_push,Door,press_push,dexterous_hand,empty_review_required,executor_infeasible_empty_label,confirm_empty,true,false,ordinary_surface_without_operation_meaning,"This object-task pair is kept, but this executor channel is marked infeasible by source metadata. Reviewer should confirm the empty label unless a valid affordance region is visible.",processed/points/3d_affordancenet_full_shape_val_batch_v3/3danet_full_a84d2cc0062f235193eb56b73b144756.npy,processed/masks/3d_affordancenet_full_shape_val_batch_v3/3danet_full_a84d2cc0062f235193eb56b73b144756_press_push.npy,processed/masks/3d_affordancenet_full_shape_val_batch_v3/3danet_full_a84d2cc0062f235193eb56b73b144756_press_push.npy,processed/vlm_semantic_part/renders/3danet_full_a84d2cc0062f235193eb56b73b144756_press_push
v3_review_000061,3danet_full_f8dad5531f53a3008056145f48a8fba7_pick_up,Door,pick_up,gripper,empty_review_required,executor_infeasible_empty_label,confirm_empty,true,false,no_graspable_region,"This object-task pair is kept, but this executor channel is marked infeasible by source metadata. Reviewer should confirm the empty label unless a valid affordance region is visible.",processed/points/3d_affordancenet_full_shape_val_batch_v3/3danet_full_f8dad5531f53a3008056145f48a8fba7.npy,processed/masks/3d_affordancenet_full_shape_val_batch_v3/3danet_full_f8dad5531f53a3008056145f48a8fba7_pick_up.npy,processed/masks/3d_affordancenet_full_shape_val_batch_v3/3danet_full_f8dad5531f53a3008056145f48a8fba7_pick_up.npy,processed/vlm_semantic_part/renders/3danet_full_f8dad5531f53a3008056145f48a8fba7_pick_up
v3_review_000062,3danet_full_f8dad5531f53a3008056145f48a8fba7_pick_up,Door,pick_up,suction,empty_review_required,executor_infeasible_empty_label,confirm_empty,true,false,no_flat_suction_surface,"This object-task pair is kept, but this executor channel is marked infeasible by source metadata. Reviewer should confirm the empty label unless a valid affordance region is visible.",processed/points/3d_affordancenet_full_shape_val_batch_v3/3danet_full_f8dad5531f53a3008056145f48a8fba7.npy,processed/masks/3d_affordancenet_full_shape_val_batch_v3/3danet_full_f8dad5531f53a3008056145f48a8fba7_pick_up.npy,processed/masks/3d_affordancenet_full_shape_val_batch_v3/3danet_full_f8dad5531f53a3008056145f48a8fba7_pick_up.npy,processed/vlm_semantic_part/renders/3danet_full_f8dad5531f53a3008056145f48a8fba7_pick_up
v3_review_000063,3danet_full_f8dad5531f53a3008056145f48a8fba7_pick_up,Door,pick_up,hook,empty_review_required,executor_infeasible_empty_label,confirm_empty,true,false,no_hookable_structure,"This object-task pair is kept, but this executor channel is marked infeasible by source metadata. Reviewer should confirm the empty label unless a valid affordance region is visible.",processed/points/3d_affordancenet_full_shape_val_batch_v3/3danet_full_f8dad5531f53a3008056145f48a8fba7.npy,processed/masks/3d_affordancenet_full_shape_val_batch_v3/3danet_full_f8dad5531f53a3008056145f48a8fba7_pick_up.npy,processed/masks/3d_affordancenet_full_shape_val_batch_v3/3danet_full_f8dad5531f53a3008056145f48a8fba7_pick_up.npy,processed/vlm_semantic_part/renders/3danet_full_f8dad5531f53a3008056145f48a8fba7_pick_up
v3_review_000064,3danet_full_f8dad5531f53a3008056145f48a8fba7_pick_up,Door,pick_up,dexterous_hand,empty_review_required,executor_infeasible_empty_label,confirm_empty,true,false,ordinary_surface_without_operation_meaning,"This object-task pair is kept, but this executor channel is marked infeasible by source metadata. Reviewer should confirm the empty label unless a valid affordance region is visible.",processed/points/3d_affordancenet_full_shape_val_batch_v3/3danet_full_f8dad5531f53a3008056145f48a8fba7.npy,processed/masks/3d_affordancenet_full_shape_val_batch_v3/3danet_full_f8dad5531f53a3008056145f48a8fba7_pick_up.npy,processed/masks/3d_affordancenet_full_shape_val_batch_v3/3danet_full_f8dad5531f53a3008056145f48a8fba7_pick_up.npy,processed/vlm_semantic_part/renders/3danet_full_f8dad5531f53a3008056145f48a8fba7_pick_up
v3_review_000065,3danet_full_f8dad5531f53a3008056145f48a8fba7_open_pull,Door,open_pull,gripper,review,large_scale_review,point_refine,true,true,,Large-scale first-pass human review queue; candidate generation should propose top-k regions and reviewers finalize the mask.,processed/points/3d_affordancenet_full_shape_val_batch_v3/3danet_full_f8dad5531f53a3008056145f48a8fba7.npy,processed/masks/3d_affordancenet_full_shape_val_batch_v3/3danet_full_f8dad5531f53a3008056145f48a8fba7_open_pull.npy,processed/masks/3d_affordancenet_full_shape_val_batch_v3/3danet_full_f8dad5531f53a3008056145f48a8fba7_open_pull.npy,processed/vlm_semantic_part/renders/3danet_full_f8dad5531f53a3008056145f48a8fba7_open_pull
v3_review_000066,3danet_full_f8dad5531f53a3008056145f48a8fba7_open_pull,Door,open_pull,suction,review,large_scale_review,point_refine,true,true,,Large-scale first-pass human review queue; candidate generation should propose top-k regions and reviewers finalize the mask.,processed/points/3d_affordancenet_full_shape_val_batch_v3/3danet_full_f8dad5531f53a3008056145f48a8fba7.npy,processed/masks/3d_affordancenet_full_shape_val_batch_v3/3danet_full_f8dad5531f53a3008056145f48a8fba7_open_pull.npy,processed/masks/3d_affordancenet_full_shape_val_batch_v3/3danet_full_f8dad5531f53a3008056145f48a8fba7_open_pull.npy,processed/vlm_semantic_part/renders/3danet_full_f8dad5531f53a3008056145f48a8fba7_open_pull
v3_review_000067,3danet_full_f8dad5531f53a3008056145f48a8fba7_open_pull,Door,open_pull,hook,review,large_scale_review,point_refine,true,true,,Large-scale first-pass human review queue; candidate generation should propose top-k regions and reviewers finalize the mask.,processed/points/3d_affordancenet_full_shape_val_batch_v3/3danet_full_f8dad5531f53a3008056145f48a8fba7.npy,processed/masks/3d_affordancenet_full_shape_val_batch_v3/3danet_full_f8dad5531f53a3008056145f48a8fba7_open_pull.npy,processed/masks/3d_affordancenet_full_shape_val_batch_v3/3danet_full_f8dad5531f53a3008056145f48a8fba7_open_pull.npy,processed/vlm_semantic_part/renders/3danet_full_f8dad5531f53a3008056145f48a8fba7_open_pull
v3_review_000068,3danet_full_f8dad5531f53a3008056145f48a8fba7_open_pull,Door,open_pull,dexterous_hand,review,large_scale_review,point_refine,true,true,,Large-scale first-pass human review queue; candidate generation should propose top-k regions and reviewers finalize the mask.,processed/points/3d_affordancenet_full_shape_val_batch_v3/3danet_full_f8dad5531f53a3008056145f48a8fba7.npy,processed/masks/3d_affordancenet_full_shape_val_batch_v3/3danet_full_f8dad5531f53a3008056145f48a8fba7_open_pull.npy,processed/masks/3d_affordancenet_full_shape_val_batch_v3/3danet_full_f8dad5531f53a3008056145f48a8fba7_open_pull.npy,processed/vlm_semantic_part/renders/3danet_full_f8dad5531f53a3008056145f48a8fba7_open_pull
v3_review_000069,3danet_full_f8dad5531f53a3008056145f48a8fba7_press_push,Door,press_push,gripper,empty_review_required,executor_infeasible_empty_label,confirm_empty,true,false,no_graspable_region,"This object-task pair is kept, but this executor channel is marked infeasible by source metadata. Reviewer should confirm the empty label unless a valid affordance region is visible.",processed/points/3d_affordancenet_full_shape_val_batch_v3/3danet_full_f8dad5531f53a3008056145f48a8fba7.npy,processed/masks/3d_affordancenet_full_shape_val_batch_v3/3danet_full_f8dad5531f53a3008056145f48a8fba7_press_push.npy,processed/masks/3d_affordancenet_full_shape_val_batch_v3/3danet_full_f8dad5531f53a3008056145f48a8fba7_press_push.npy,processed/vlm_semantic_part/renders/3danet_full_f8dad5531f53a3008056145f48a8fba7_press_push
v3_review_000070,3danet_full_f8dad5531f53a3008056145f48a8fba7_press_push,Door,press_push,suction,review,large_scale_review,point_refine,true,true,,Large-scale first-pass human review queue; candidate generation should propose top-k regions and reviewers finalize the mask.,processed/points/3d_affordancenet_full_shape_val_batch_v3/3danet_full_f8dad5531f53a3008056145f48a8fba7.npy,processed/masks/3d_affordancenet_full_shape_val_batch_v3/3danet_full_f8dad5531f53a3008056145f48a8fba7_press_push.npy,processed/masks/3d_affordancenet_full_shape_val_batch_v3/3danet_full_f8dad5531f53a3008056145f48a8fba7_press_push.npy,processed/vlm_semantic_part/renders/3danet_full_f8dad5531f53a3008056145f48a8fba7_press_push
v3_review_000071,3danet_full_f8dad5531f53a3008056145f48a8fba7_press_push,Door,press_push,hook,empty_review_required,executor_infeasible_empty_label,confirm_empty,true,false,no_hookable_structure,"This object-task pair is kept, but this executor channel is marked infeasible by source metadata. Reviewer should confirm the empty label unless a valid affordance region is visible.",processed/points/3d_affordancenet_full_shape_val_batch_v3/3danet_full_f8dad5531f53a3008056145f48a8fba7.npy,processed/masks/3d_affordancenet_full_shape_val_batch_v3/3danet_full_f8dad5531f53a3008056145f48a8fba7_press_push.npy,processed/masks/3d_affordancenet_full_shape_val_batch_v3/3danet_full_f8dad5531f53a3008056145f48a8fba7_press_push.npy,processed/vlm_semantic_part/renders/3danet_full_f8dad5531f53a3008056145f48a8fba7_press_push
v3_review_000072,3danet_full_f8dad5531f53a3008056145f48a8fba7_press_push,Door,press_push,dexterous_hand,empty_review_required,executor_infeasible_empty_label,confirm_empty,true,false,ordinary_surface_without_operation_meaning,"This object-task pair is kept, but this executor channel is marked infeasible by source metadata. Reviewer should confirm the empty label unless a valid affordance region is visible.",processed/points/3d_affordancenet_full_shape_val_batch_v3/3danet_full_f8dad5531f53a3008056145f48a8fba7.npy,processed/masks/3d_affordancenet_full_shape_val_batch_v3/3danet_full_f8dad5531f53a3008056145f48a8fba7_press_push.npy,processed/masks/3d_affordancenet_full_shape_val_batch_v3/3danet_full_f8dad5531f53a3008056145f48a8fba7_press_push.npy,processed/vlm_semantic_part/renders/3danet_full_f8dad5531f53a3008056145f48a8fba7_press_push
v3_review_000073,3danet_full_eaf5e442ac99123c760858b697ef756f_pick_up,Door,pick_up,gripper,empty_review_required,executor_infeasible_empty_label,confirm_empty,true,false,no_graspable_region,"This object-task pair is kept, but this executor channel is marked infeasible by source metadata. Reviewer should confirm the empty label unless a valid affordance region is visible.",processed/points/3d_affordancenet_full_shape_val_batch_v3/3danet_full_eaf5e442ac99123c760858b697ef756f.npy,processed/masks/3d_affordancenet_full_shape_val_batch_v3/3danet_full_eaf5e442ac99123c760858b697ef756f_pick_up.npy,processed/masks/3d_affordancenet_full_shape_val_batch_v3/3danet_full_eaf5e442ac99123c760858b697ef756f_pick_up.npy,processed/vlm_semantic_part/renders/3danet_full_eaf5e442ac99123c760858b697ef756f_pick_up
v3_review_000074,3danet_full_eaf5e442ac99123c760858b697ef756f_pick_up,Door,pick_up,suction,empty_review_required,executor_infeasible_empty_label,confirm_empty,true,false,no_flat_suction_surface,"This object-task pair is kept, but this executor channel is marked infeasible by source metadata. Reviewer should confirm the empty label unless a valid affordance region is visible.",processed/points/3d_affordancenet_full_shape_val_batch_v3/3danet_full_eaf5e442ac99123c760858b697ef756f.npy,processed/masks/3d_affordancenet_full_shape_val_batch_v3/3danet_full_eaf5e442ac99123c760858b697ef756f_pick_up.npy,processed/masks/3d_affordancenet_full_shape_val_batch_v3/3danet_full_eaf5e442ac99123c760858b697ef756f_pick_up.npy,processed/vlm_semantic_part/renders/3danet_full_eaf5e442ac99123c760858b697ef756f_pick_up
v3_review_000075,3danet_full_eaf5e442ac99123c760858b697ef756f_pick_up,Door,pick_up,hook,empty_review_required,executor_infeasible_empty_label,confirm_empty,true,false,no_hookable_structure,"This object-task pair is kept, but this executor channel is marked infeasible by source metadata. Reviewer should confirm the empty label unless a valid affordance region is visible.",processed/points/3d_affordancenet_full_shape_val_batch_v3/3danet_full_eaf5e442ac99123c760858b697ef756f.npy,processed/masks/3d_affordancenet_full_shape_val_batch_v3/3danet_full_eaf5e442ac99123c760858b697ef756f_pick_up.npy,processed/masks/3d_affordancenet_full_shape_val_batch_v3/3danet_full_eaf5e442ac99123c760858b697ef756f_pick_up.npy,processed/vlm_semantic_part/renders/3danet_full_eaf5e442ac99123c760858b697ef756f_pick_up
v3_review_000076,3danet_full_eaf5e442ac99123c760858b697ef756f_pick_up,Door,pick_up,dexterous_hand,empty_review_required,executor_infeasible_empty_label,confirm_empty,true,false,ordinary_surface_without_operation_meaning,"This object-task pair is kept, but this executor channel is marked infeasible by source metadata. Reviewer should confirm the empty label unless a valid affordance region is visible.",processed/points/3d_affordancenet_full_shape_val_batch_v3/3danet_full_eaf5e442ac99123c760858b697ef756f.npy,processed/masks/3d_affordancenet_full_shape_val_batch_v3/3danet_full_eaf5e442ac99123c760858b697ef756f_pick_up.npy,processed/masks/3d_affordancenet_full_shape_val_batch_v3/3danet_full_eaf5e442ac99123c760858b697ef756f_pick_up.npy,processed/vlm_semantic_part/renders/3danet_full_eaf5e442ac99123c760858b697ef756f_pick_up
v3_review_000077,3danet_full_eaf5e442ac99123c760858b697ef756f_open_pull,Door,open_pull,gripper,review,large_scale_review,point_refine,true,true,,Large-scale first-pass human review queue; candidate generation should propose top-k regions and reviewers finalize the mask.,processed/points/3d_affordancenet_full_shape_val_batch_v3/3danet_full_eaf5e442ac99123c760858b697ef756f.npy,processed/masks/3d_affordancenet_full_shape_val_batch_v3/3danet_full_eaf5e442ac99123c760858b697ef756f_open_pull.npy,processed/masks/3d_affordancenet_full_shape_val_batch_v3/3danet_full_eaf5e442ac99123c760858b697ef756f_open_pull.npy,processed/vlm_semantic_part/renders/3danet_full_eaf5e442ac99123c760858b697ef756f_open_pull
v3_review_000078,3danet_full_eaf5e442ac99123c760858b697ef756f_open_pull,Door,open_pull,suction,review,large_scale_review,point_refine,true,true,,Large-scale first-pass human review queue; candidate generation should propose top-k regions and reviewers finalize the mask.,processed/points/3d_affordancenet_full_shape_val_batch_v3/3danet_full_eaf5e442ac99123c760858b697ef756f.npy,processed/masks/3d_affordancenet_full_shape_val_batch_v3/3danet_full_eaf5e442ac99123c760858b697ef756f_open_pull.npy,processed/masks/3d_affordancenet_full_shape_val_batch_v3/3danet_full_eaf5e442ac99123c760858b697ef756f_open_pull.npy,processed/vlm_semantic_part/renders/3danet_full_eaf5e442ac99123c760858b697ef756f_open_pull
v3_review_000079,3danet_full_eaf5e442ac99123c760858b697ef756f_open_pull,Door,open_pull,hook,review,large_scale_review,point_refine,true,true,,Large-scale first-pass human review queue; candidate generation should propose top-k regions and reviewers finalize the mask.,processed/points/3d_affordancenet_full_shape_val_batch_v3/3danet_full_eaf5e442ac99123c760858b697ef756f.npy,processed/masks/3d_affordancenet_full_shape_val_batch_v3/3danet_full_eaf5e442ac99123c760858b697ef756f_open_pull.npy,processed/masks/3d_affordancenet_full_shape_val_batch_v3/3danet_full_eaf5e442ac99123c760858b697ef756f_open_pull.npy,processed/vlm_semantic_part/renders/3danet_full_eaf5e442ac99123c760858b697ef756f_open_pull
v3_review_000080,3danet_full_eaf5e442ac99123c760858b697ef756f_open_pull,Door,open_pull,dexterous_hand,review,large_scale_review,point_refine,true,true,,Large-scale first-pass human review queue; candidate generation should propose top-k regions and reviewers finalize the mask.,processed/points/3d_affordancenet_full_shape_val_batch_v3/3danet_full_eaf5e442ac99123c760858b697ef756f.npy,processed/masks/3d_affordancenet_full_shape_val_batch_v3/3danet_full_eaf5e442ac99123c760858b697ef756f_open_pull.npy,processed/masks/3d_affordancenet_full_shape_val_batch_v3/3danet_full_eaf5e442ac99123c760858b697ef756f_open_pull.npy,processed/vlm_semantic_part/renders/3danet_full_eaf5e442ac99123c760858b697ef756f_open_pull
v3_review_000081,3danet_full_eaf5e442ac99123c760858b697ef756f_press_push,Door,press_push,gripper,empty_review_required,executor_infeasible_empty_label,confirm_empty,true,false,no_graspable_region,"This object-task pair is kept, but this executor channel is marked infeasible by source metadata. Reviewer should confirm the empty label unless a valid affordance region is visible.",processed/points/3d_affordancenet_full_shape_val_batch_v3/3danet_full_eaf5e442ac99123c760858b697ef756f.npy,processed/masks/3d_affordancenet_full_shape_val_batch_v3/3danet_full_eaf5e442ac99123c760858b697ef756f_press_push.npy,processed/masks/3d_affordancenet_full_shape_val_batch_v3/3danet_full_eaf5e442ac99123c760858b697ef756f_press_push.npy,processed/vlm_semantic_part/renders/3danet_full_eaf5e442ac99123c760858b697ef756f_press_push
v3_review_000082,3danet_full_eaf5e442ac99123c760858b697ef756f_press_push,Door,press_push,suction,review,large_scale_review,point_refine,true,true,,Large-scale first-pass human review queue; candidate generation should propose top-k regions and reviewers finalize the mask.,processed/points/3d_affordancenet_full_shape_val_batch_v3/3danet_full_eaf5e442ac99123c760858b697ef756f.npy,processed/masks/3d_affordancenet_full_shape_val_batch_v3/3danet_full_eaf5e442ac99123c760858b697ef756f_press_push.npy,processed/masks/3d_affordancenet_full_shape_val_batch_v3/3danet_full_eaf5e442ac99123c760858b697ef756f_press_push.npy,processed/vlm_semantic_part/renders/3danet_full_eaf5e442ac99123c760858b697ef756f_press_push
v3_review_000083,3danet_full_eaf5e442ac99123c760858b697ef756f_press_push,Door,press_push,hook,empty_review_required,executor_infeasible_empty_label,confirm_empty,true,false,no_hookable_structure,"This object-task pair is kept, but this executor channel is marked infeasible by source metadata. Reviewer should confirm the empty label unless a valid affordance region is visible.",processed/points/3d_affordancenet_full_shape_val_batch_v3/3danet_full_eaf5e442ac99123c760858b697ef756f.npy,processed/masks/3d_affordancenet_full_shape_val_batch_v3/3danet_full_eaf5e442ac99123c760858b697ef756f_press_push.npy,processed/masks/3d_affordancenet_full_shape_val_batch_v3/3danet_full_eaf5e442ac99123c760858b697ef756f_press_push.npy,processed/vlm_semantic_part/renders/3danet_full_eaf5e442ac99123c760858b697ef756f_press_push
v3_review_000084,3danet_full_eaf5e442ac99123c760858b697ef756f_press_push,Door,press_push,dexterous_hand,empty_review_required,executor_infeasible_empty_label,confirm_empty,true,false,ordinary_surface_without_operation_meaning,"This object-task pair is kept, but this executor channel is marked infeasible by source metadata. Reviewer should confirm the empty label unless a valid affordance region is visible.",processed/points/3d_affordancenet_full_shape_val_batch_v3/3danet_full_eaf5e442ac99123c760858b697ef756f.npy,processed/masks/3d_affordancenet_full_shape_val_batch_v3/3danet_full_eaf5e442ac99123c760858b697ef756f_press_push.npy,processed/masks/3d_affordancenet_full_shape_val_batch_v3/3danet_full_eaf5e442ac99123c760858b697ef756f_press_push.npy,processed/vlm_semantic_part/renders/3danet_full_eaf5e442ac99123c760858b697ef756f_press_push
v3_review_000085,3danet_full_5b275736231b7bee83f4566cf0664c43_pick_up,Door,pick_up,gripper,empty_review_required,executor_infeasible_empty_label,confirm_empty,true,false,no_graspable_region,"This object-task pair is kept, but this executor channel is marked infeasible by source metadata. Reviewer should confirm the empty label unless a valid affordance region is visible.",processed/points/3d_affordancenet_full_shape_val_batch_v3/3danet_full_5b275736231b7bee83f4566cf0664c43.npy,processed/masks/3d_affordancenet_full_shape_val_batch_v3/3danet_full_5b275736231b7bee83f4566cf0664c43_pick_up.npy,processed/masks/3d_affordancenet_full_shape_val_batch_v3/3danet_full_5b275736231b7bee83f4566cf0664c43_pick_up.npy,processed/vlm_semantic_part/renders/3danet_full_5b275736231b7bee83f4566cf0664c43_pick_up
v3_review_000086,3danet_full_5b275736231b7bee83f4566cf0664c43_pick_up,Door,pick_up,suction,empty_review_required,executor_infeasible_empty_label,confirm_empty,true,false,no_flat_suction_surface,"This object-task pair is kept, but this executor channel is marked infeasible by source metadata. Reviewer should confirm the empty label unless a valid affordance region is visible.",processed/points/3d_affordancenet_full_shape_val_batch_v3/3danet_full_5b275736231b7bee83f4566cf0664c43.npy,processed/masks/3d_affordancenet_full_shape_val_batch_v3/3danet_full_5b275736231b7bee83f4566cf0664c43_pick_up.npy,processed/masks/3d_affordancenet_full_shape_val_batch_v3/3danet_full_5b275736231b7bee83f4566cf0664c43_pick_up.npy,processed/vlm_semantic_part/renders/3danet_full_5b275736231b7bee83f4566cf0664c43_pick_up
v3_review_000087,3danet_full_5b275736231b7bee83f4566cf0664c43_pick_up,Door,pick_up,hook,empty_review_required,executor_infeasible_empty_label,confirm_empty,true,false,no_hookable_structure,"This object-task pair is kept, but this executor channel is marked infeasible by source metadata. Reviewer should confirm the empty label unless a valid affordance region is visible.",processed/points/3d_affordancenet_full_shape_val_batch_v3/3danet_full_5b275736231b7bee83f4566cf0664c43.npy,processed/masks/3d_affordancenet_full_shape_val_batch_v3/3danet_full_5b275736231b7bee83f4566cf0664c43_pick_up.npy,processed/masks/3d_affordancenet_full_shape_val_batch_v3/3danet_full_5b275736231b7bee83f4566cf0664c43_pick_up.npy,processed/vlm_semantic_part/renders/3danet_full_5b275736231b7bee83f4566cf0664c43_pick_up
v3_review_000088,3danet_full_5b275736231b7bee83f4566cf0664c43_pick_up,Door,pick_up,dexterous_hand,empty_review_required,executor_infeasible_empty_label,confirm_empty,true,false,ordinary_surface_without_operation_meaning,"This object-task pair is kept, but this executor channel is marked infeasible by source metadata. Reviewer should confirm the empty label unless a valid affordance region is visible.",processed/points/3d_affordancenet_full_shape_val_batch_v3/3danet_full_5b275736231b7bee83f4566cf0664c43.npy,processed/masks/3d_affordancenet_full_shape_val_batch_v3/3danet_full_5b275736231b7bee83f4566cf0664c43_pick_up.npy,processed/masks/3d_affordancenet_full_shape_val_batch_v3/3danet_full_5b275736231b7bee83f4566cf0664c43_pick_up.npy,processed/vlm_semantic_part/renders/3danet_full_5b275736231b7bee83f4566cf0664c43_pick_up
v3_review_000089,3danet_full_5b275736231b7bee83f4566cf0664c43_open_pull,Door,open_pull,gripper,empty_review_required,executor_infeasible_empty_label,confirm_empty,true,false,no_graspable_region,"This object-task pair is kept, but this executor channel is marked infeasible by source metadata. Reviewer should confirm the empty label unless a valid affordance region is visible.",processed/points/3d_affordancenet_full_shape_val_batch_v3/3danet_full_5b275736231b7bee83f4566cf0664c43.npy,processed/masks/3d_affordancenet_full_shape_val_batch_v3/3danet_full_5b275736231b7bee83f4566cf0664c43_open_pull.npy,processed/masks/3d_affordancenet_full_shape_val_batch_v3/3danet_full_5b275736231b7bee83f4566cf0664c43_open_pull.npy,processed/vlm_semantic_part/renders/3danet_full_5b275736231b7bee83f4566cf0664c43_open_pull
v3_review_000090,3danet_full_5b275736231b7bee83f4566cf0664c43_open_pull,Door,open_pull,suction,review,large_scale_review,point_refine,true,true,,Large-scale first-pass human review queue; candidate generation should propose top-k regions and reviewers finalize the mask.,processed/points/3d_affordancenet_full_shape_val_batch_v3/3danet_full_5b275736231b7bee83f4566cf0664c43.npy,processed/masks/3d_affordancenet_full_shape_val_batch_v3/3danet_full_5b275736231b7bee83f4566cf0664c43_open_pull.npy,processed/masks/3d_affordancenet_full_shape_val_batch_v3/3danet_full_5b275736231b7bee83f4566cf0664c43_open_pull.npy,processed/vlm_semantic_part/renders/3danet_full_5b275736231b7bee83f4566cf0664c43_open_pull
v3_review_000091,3danet_full_5b275736231b7bee83f4566cf0664c43_open_pull,Door,open_pull,hook,empty_review_required,executor_infeasible_empty_label,confirm_empty,true,false,no_hookable_structure,"This object-task pair is kept, but this executor channel is marked infeasible by source metadata. Reviewer should confirm the empty label unless a valid affordance region is visible.",processed/points/3d_affordancenet_full_shape_val_batch_v3/3danet_full_5b275736231b7bee83f4566cf0664c43.npy,processed/masks/3d_affordancenet_full_shape_val_batch_v3/3danet_full_5b275736231b7bee83f4566cf0664c43_open_pull.npy,processed/masks/3d_affordancenet_full_shape_val_batch_v3/3danet_full_5b275736231b7bee83f4566cf0664c43_open_pull.npy,processed/vlm_semantic_part/renders/3danet_full_5b275736231b7bee83f4566cf0664c43_open_pull
v3_review_000092,3danet_full_5b275736231b7bee83f4566cf0664c43_open_pull,Door,open_pull,dexterous_hand,empty_review_required,executor_infeasible_empty_label,confirm_empty,true,false,ordinary_surface_without_operation_meaning,"This object-task pair is kept, but this executor channel is marked infeasible by source metadata. Reviewer should confirm the empty label unless a valid affordance region is visible.",processed/points/3d_affordancenet_full_shape_val_batch_v3/3danet_full_5b275736231b7bee83f4566cf0664c43.npy,processed/masks/3d_affordancenet_full_shape_val_batch_v3/3danet_full_5b275736231b7bee83f4566cf0664c43_open_pull.npy,processed/masks/3d_affordancenet_full_shape_val_batch_v3/3danet_full_5b275736231b7bee83f4566cf0664c43_open_pull.npy,processed/vlm_semantic_part/renders/3danet_full_5b275736231b7bee83f4566cf0664c43_open_pull
v3_review_000093,3danet_full_5b275736231b7bee83f4566cf0664c43_press_push,Door,press_push,gripper,empty_review_required,executor_infeasible_empty_label,confirm_empty,true,false,no_graspable_region,"This object-task pair is kept, but this executor channel is marked infeasible by source metadata. Reviewer should confirm the empty label unless a valid affordance region is visible.",processed/points/3d_affordancenet_full_shape_val_batch_v3/3danet_full_5b275736231b7bee83f4566cf0664c43.npy,processed/masks/3d_affordancenet_full_shape_val_batch_v3/3danet_full_5b275736231b7bee83f4566cf0664c43_press_push.npy,processed/masks/3d_affordancenet_full_shape_val_batch_v3/3danet_full_5b275736231b7bee83f4566cf0664c43_press_push.npy,processed/vlm_semantic_part/renders/3danet_full_5b275736231b7bee83f4566cf0664c43_press_push
v3_review_000094,3danet_full_5b275736231b7bee83f4566cf0664c43_press_push,Door,press_push,suction,review,large_scale_review,point_refine,true,true,,Large-scale first-pass human review queue; candidate generation should propose top-k regions and reviewers finalize the mask.,processed/points/3d_affordancenet_full_shape_val_batch_v3/3danet_full_5b275736231b7bee83f4566cf0664c43.npy,processed/masks/3d_affordancenet_full_shape_val_batch_v3/3danet_full_5b275736231b7bee83f4566cf0664c43_press_push.npy,processed/masks/3d_affordancenet_full_shape_val_batch_v3/3danet_full_5b275736231b7bee83f4566cf0664c43_press_push.npy,processed/vlm_semantic_part/renders/3danet_full_5b275736231b7bee83f4566cf0664c43_press_push
v3_review_000095,3danet_full_5b275736231b7bee83f4566cf0664c43_press_push,Door,press_push,hook,empty_review_required,executor_infeasible_empty_label,confirm_empty,true,false,no_hookable_structure,"This object-task pair is kept, but this executor channel is marked infeasible by source metadata. Reviewer should confirm the empty label unless a valid affordance region is visible.",processed/points/3d_affordancenet_full_shape_val_batch_v3/3danet_full_5b275736231b7bee83f4566cf0664c43.npy,processed/masks/3d_affordancenet_full_shape_val_batch_v3/3danet_full_5b275736231b7bee83f4566cf0664c43_press_push.npy,processed/masks/3d_affordancenet_full_shape_val_batch_v3/3danet_full_5b275736231b7bee83f4566cf0664c43_press_push.npy,processed/vlm_semantic_part/renders/3danet_full_5b275736231b7bee83f4566cf0664c43_press_push
v3_review_000096,3danet_full_5b275736231b7bee83f4566cf0664c43_press_push,Door,press_push,dexterous_hand,empty_review_required,executor_infeasible_empty_label,confirm_empty,true,false,ordinary_surface_without_operation_meaning,"This object-task pair is kept, but this executor channel is marked infeasible by source metadata. Reviewer should confirm the empty label unless a valid affordance region is visible.",processed/points/3d_affordancenet_full_shape_val_batch_v3/3danet_full_5b275736231b7bee83f4566cf0664c43.npy,processed/masks/3d_affordancenet_full_shape_val_batch_v3/3danet_full_5b275736231b7bee83f4566cf0664c43_press_push.npy,processed/masks/3d_affordancenet_full_shape_val_batch_v3/3danet_full_5b275736231b7bee83f4566cf0664c43_press_push.npy,processed/vlm_semantic_part/renders/3danet_full_5b275736231b7bee83f4566cf0664c43_press_push
v3_review_000097,3danet_full_46b71668f18dfea3e3f7a74e12a274ef_pick_up,Door,pick_up,gripper,empty_review_required,executor_infeasible_empty_label,confirm_empty,true,false,no_graspable_region,"This object-task pair is kept, but this executor channel is marked infeasible by source metadata. Reviewer should confirm the empty label unless a valid affordance region is visible.",processed/points/3d_affordancenet_full_shape_val_batch_v3/3danet_full_46b71668f18dfea3e3f7a74e12a274ef.npy,processed/masks/3d_affordancenet_full_shape_val_batch_v3/3danet_full_46b71668f18dfea3e3f7a74e12a274ef_pick_up.npy,processed/masks/3d_affordancenet_full_shape_val_batch_v3/3danet_full_46b71668f18dfea3e3f7a74e12a274ef_pick_up.npy,processed/vlm_semantic_part/renders/3danet_full_46b71668f18dfea3e3f7a74e12a274ef_pick_up
v3_review_000098,3danet_full_46b71668f18dfea3e3f7a74e12a274ef_pick_up,Door,pick_up,suction,empty_review_required,executor_infeasible_empty_label,confirm_empty,true,false,no_flat_suction_surface,"This object-task pair is kept, but this executor channel is marked infeasible by source metadata. Reviewer should confirm the empty label unless a valid affordance region is visible.",processed/points/3d_affordancenet_full_shape_val_batch_v3/3danet_full_46b71668f18dfea3e3f7a74e12a274ef.npy,processed/masks/3d_affordancenet_full_shape_val_batch_v3/3danet_full_46b71668f18dfea3e3f7a74e12a274ef_pick_up.npy,processed/masks/3d_affordancenet_full_shape_val_batch_v3/3danet_full_46b71668f18dfea3e3f7a74e12a274ef_pick_up.npy,processed/vlm_semantic_part/renders/3danet_full_46b71668f18dfea3e3f7a74e12a274ef_pick_up
v3_review_000099,3danet_full_46b71668f18dfea3e3f7a74e12a274ef_pick_up,Door,pick_up,hook,empty_review_required,executor_infeasible_empty_label,confirm_empty,true,false,no_hookable_structure,"This object-task pair is kept, but this executor channel is marked infeasible by source metadata. Reviewer should confirm the empty label unless a valid affordance region is visible.",processed/points/3d_affordancenet_full_shape_val_batch_v3/3danet_full_46b71668f18dfea3e3f7a74e12a274ef.npy,processed/masks/3d_affordancenet_full_shape_val_batch_v3/3danet_full_46b71668f18dfea3e3f7a74e12a274ef_pick_up.npy,processed/masks/3d_affordancenet_full_shape_val_batch_v3/3danet_full_46b71668f18dfea3e3f7a74e12a274ef_pick_up.npy,processed/vlm_semantic_part/renders/3danet_full_46b71668f18dfea3e3f7a74e12a274ef_pick_up
v3_review_000100,3danet_full_46b71668f18dfea3e3f7a74e12a274ef_pick_up,Door,pick_up,dexterous_hand,empty_review_required,executor_infeasible_empty_label,confirm_empty,true,false,ordinary_surface_without_operation_meaning,"This object-task pair is kept, but this executor channel is marked infeasible by source metadata. Reviewer should confirm the empty label unless a valid affordance region is visible.",processed/points/3d_affordancenet_full_shape_val_batch_v3/3danet_full_46b71668f18dfea3e3f7a74e12a274ef.npy,processed/masks/3d_affordancenet_full_shape_val_batch_v3/3danet_full_46b71668f18dfea3e3f7a74e12a274ef_pick_up.npy,processed/masks/3d_affordancenet_full_shape_val_batch_v3/3danet_full_46b71668f18dfea3e3f7a74e12a274ef_pick_up.npy,processed/vlm_semantic_part/renders/3danet_full_46b71668f18dfea3e3f7a74e12a274ef_pick_up
v3_review_000101,3danet_full_46b71668f18dfea3e3f7a74e12a274ef_open_pull,Door,open_pull,gripper,review,large_scale_review,point_refine,true,true,,Large-scale first-pass human review queue; candidate generation should propose top-k regions and reviewers finalize the mask.,processed/points/3d_affordancenet_full_shape_val_batch_v3/3danet_full_46b71668f18dfea3e3f7a74e12a274ef.npy,processed/masks/3d_affordancenet_full_shape_val_batch_v3/3danet_full_46b71668f18dfea3e3f7a74e12a274ef_open_pull.npy,processed/masks/3d_affordancenet_full_shape_val_batch_v3/3danet_full_46b71668f18dfea3e3f7a74e12a274ef_open_pull.npy,processed/vlm_semantic_part/renders/3danet_full_46b71668f18dfea3e3f7a74e12a274ef_open_pull
v3_review_000102,3danet_full_46b71668f18dfea3e3f7a74e12a274ef_open_pull,Door,open_pull,suction,review,large_scale_review,point_refine,true,true,,Large-scale first-pass human review queue; candidate generation should propose top-k regions and reviewers finalize the mask.,processed/points/3d_affordancenet_full_shape_val_batch_v3/3danet_full_46b71668f18dfea3e3f7a74e12a274ef.npy,processed/masks/3d_affordancenet_full_shape_val_batch_v3/3danet_full_46b71668f18dfea3e3f7a74e12a274ef_open_pull.npy,processed/masks/3d_affordancenet_full_shape_val_batch_v3/3danet_full_46b71668f18dfea3e3f7a74e12a274ef_open_pull.npy,processed/vlm_semantic_part/renders/3danet_full_46b71668f18dfea3e3f7a74e12a274ef_open_pull
v3_review_000103,3danet_full_46b71668f18dfea3e3f7a74e12a274ef_open_pull,Door,open_pull,hook,review,large_scale_review,point_refine,true,true,,Large-scale first-pass human review queue; candidate generation should propose top-k regions and reviewers finalize the mask.,processed/points/3d_affordancenet_full_shape_val_batch_v3/3danet_full_46b71668f18dfea3e3f7a74e12a274ef.npy,processed/masks/3d_affordancenet_full_shape_val_batch_v3/3danet_full_46b71668f18dfea3e3f7a74e12a274ef_open_pull.npy,processed/masks/3d_affordancenet_full_shape_val_batch_v3/3danet_full_46b71668f18dfea3e3f7a74e12a274ef_open_pull.npy,processed/vlm_semantic_part/renders/3danet_full_46b71668f18dfea3e3f7a74e12a274ef_open_pull
v3_review_000104,3danet_full_46b71668f18dfea3e3f7a74e12a274ef_open_pull,Door,open_pull,dexterous_hand,review,large_scale_review,point_refine,true,true,,Large-scale first-pass human review queue; candidate generation should propose top-k regions and reviewers finalize the mask.,processed/points/3d_affordancenet_full_shape_val_batch_v3/3danet_full_46b71668f18dfea3e3f7a74e12a274ef.npy,processed/masks/3d_affordancenet_full_shape_val_batch_v3/3danet_full_46b71668f18dfea3e3f7a74e12a274ef_open_pull.npy,processed/masks/3d_affordancenet_full_shape_val_batch_v3/3danet_full_46b71668f18dfea3e3f7a74e12a274ef_open_pull.npy,processed/vlm_semantic_part/renders/3danet_full_46b71668f18dfea3e3f7a74e12a274ef_open_pull
v3_review_000105,3danet_full_46b71668f18dfea3e3f7a74e12a274ef_press_push,Door,press_push,gripper,empty_review_required,executor_infeasible_empty_label,confirm_empty,true,false,no_graspable_region,"This object-task pair is kept, but this executor channel is marked infeasible by source metadata. Reviewer should confirm the empty label unless a valid affordance region is visible.",processed/points/3d_affordancenet_full_shape_val_batch_v3/3danet_full_46b71668f18dfea3e3f7a74e12a274ef.npy,processed/masks/3d_affordancenet_full_shape_val_batch_v3/3danet_full_46b71668f18dfea3e3f7a74e12a274ef_press_push.npy,processed/masks/3d_affordancenet_full_shape_val_batch_v3/3danet_full_46b71668f18dfea3e3f7a74e12a274ef_press_push.npy,processed/vlm_semantic_part/renders/3danet_full_46b71668f18dfea3e3f7a74e12a274ef_press_push
v3_review_000106,3danet_full_46b71668f18dfea3e3f7a74e12a274ef_press_push,Door,press_push,suction,review,large_scale_review,point_refine,true,true,,Large-scale first-pass human review queue; candidate generation should propose top-k regions and reviewers finalize the mask.,processed/points/3d_affordancenet_full_shape_val_batch_v3/3danet_full_46b71668f18dfea3e3f7a74e12a274ef.npy,processed/masks/3d_affordancenet_full_shape_val_batch_v3/3danet_full_46b71668f18dfea3e3f7a74e12a274ef_press_push.npy,processed/masks/3d_affordancenet_full_shape_val_batch_v3/3danet_full_46b71668f18dfea3e3f7a74e12a274ef_press_push.npy,processed/vlm_semantic_part/renders/3danet_full_46b71668f18dfea3e3f7a74e12a274ef_press_push
v3_review_000107,3danet_full_46b71668f18dfea3e3f7a74e12a274ef_press_push,Door,press_push,hook,empty_review_required,executor_infeasible_empty_label,confirm_empty,true,false,no_hookable_structure,"This object-task pair is kept, but this executor channel is marked infeasible by source metadata. Reviewer should confirm the empty label unless a valid affordance region is visible.",processed/points/3d_affordancenet_full_shape_val_batch_v3/3danet_full_46b71668f18dfea3e3f7a74e12a274ef.npy,processed/masks/3d_affordancenet_full_shape_val_batch_v3/3danet_full_46b71668f18dfea3e3f7a74e12a274ef_press_push.npy,processed/masks/3d_affordancenet_full_shape_val_batch_v3/3danet_full_46b71668f18dfea3e3f7a74e12a274ef_press_push.npy,processed/vlm_semantic_part/renders/3danet_full_46b71668f18dfea3e3f7a74e12a274ef_press_push
v3_review_000108,3danet_full_46b71668f18dfea3e3f7a74e12a274ef_press_push,Door,press_push,dexterous_hand,empty_review_required,executor_infeasible_empty_label,confirm_empty,true,false,ordinary_surface_without_operation_meaning,"This object-task pair is kept, but this executor channel is marked infeasible by source metadata. Reviewer should confirm the empty label unless a valid affordance region is visible.",processed/points/3d_affordancenet_full_shape_val_batch_v3/3danet_full_46b71668f18dfea3e3f7a74e12a274ef.npy,processed/masks/3d_affordancenet_full_shape_val_batch_v3/3danet_full_46b71668f18dfea3e3f7a74e12a274ef_press_push.npy,processed/masks/3d_affordancenet_full_shape_val_batch_v3/3danet_full_46b71668f18dfea3e3f7a74e12a274ef_press_push.npy,processed/vlm_semantic_part/renders/3danet_full_46b71668f18dfea3e3f7a74e12a274ef_press_push
v3_review_000109,3danet_full_4b5af07edb80a0c3c1dae5936fc55ce0_pick_up,Door,pick_up,gripper,empty_review_required,executor_infeasible_empty_label,confirm_empty,true,false,no_graspable_region,"This object-task pair is kept, but this executor channel is marked infeasible by source metadata. Reviewer should confirm the empty label unless a valid affordance region is visible.",processed/points/3d_affordancenet_full_shape_val_batch_v3/3danet_full_4b5af07edb80a0c3c1dae5936fc55ce0.npy,processed/masks/3d_affordancenet_full_shape_val_batch_v3/3danet_full_4b5af07edb80a0c3c1dae5936fc55ce0_pick_up.npy,processed/masks/3d_affordancenet_full_shape_val_batch_v3/3danet_full_4b5af07edb80a0c3c1dae5936fc55ce0_pick_up.npy,processed/vlm_semantic_part/renders/3danet_full_4b5af07edb80a0c3c1dae5936fc55ce0_pick_up
v3_review_000110,3danet_full_4b5af07edb80a0c3c1dae5936fc55ce0_pick_up,Door,pick_up,suction,empty_review_required,executor_infeasible_empty_label,confirm_empty,true,false,no_flat_suction_surface,"This object-task pair is kept, but this executor channel is marked infeasible by source metadata. Reviewer should confirm the empty label unless a valid affordance region is visible.",processed/points/3d_affordancenet_full_shape_val_batch_v3/3danet_full_4b5af07edb80a0c3c1dae5936fc55ce0.npy,processed/masks/3d_affordancenet_full_shape_val_batch_v3/3danet_full_4b5af07edb80a0c3c1dae5936fc55ce0_pick_up.npy,processed/masks/3d_affordancenet_full_shape_val_batch_v3/3danet_full_4b5af07edb80a0c3c1dae5936fc55ce0_pick_up.npy,processed/vlm_semantic_part/renders/3danet_full_4b5af07edb80a0c3c1dae5936fc55ce0_pick_up
v3_review_000111,3danet_full_4b5af07edb80a0c3c1dae5936fc55ce0_pick_up,Door,pick_up,hook,empty_review_required,executor_infeasible_empty_label,confirm_empty,true,false,no_hookable_structure,"This object-task pair is kept, but this executor channel is marked infeasible by source metadata. Reviewer should confirm the empty label unless a valid affordance region is visible.",processed/points/3d_affordancenet_full_shape_val_batch_v3/3danet_full_4b5af07edb80a0c3c1dae5936fc55ce0.npy,processed/masks/3d_affordancenet_full_shape_val_batch_v3/3danet_full_4b5af07edb80a0c3c1dae5936fc55ce0_pick_up.npy,processed/masks/3d_affordancenet_full_shape_val_batch_v3/3danet_full_4b5af07edb80a0c3c1dae5936fc55ce0_pick_up.npy,processed/vlm_semantic_part/renders/3danet_full_4b5af07edb80a0c3c1dae5936fc55ce0_pick_up
v3_review_000112,3danet_full_4b5af07edb80a0c3c1dae5936fc55ce0_pick_up,Door,pick_up,dexterous_hand,empty_review_required,executor_infeasible_empty_label,confirm_empty,true,false,ordinary_surface_without_operation_meaning,"This object-task pair is kept, but this executor channel is marked infeasible by source metadata. Reviewer should confirm the empty label unless a valid affordance region is visible.",processed/points/3d_affordancenet_full_shape_val_batch_v3/3danet_full_4b5af07edb80a0c3c1dae5936fc55ce0.npy,processed/masks/3d_affordancenet_full_shape_val_batch_v3/3danet_full_4b5af07edb80a0c3c1dae5936fc55ce0_pick_up.npy,processed/masks/3d_affordancenet_full_shape_val_batch_v3/3danet_full_4b5af07edb80a0c3c1dae5936fc55ce0_pick_up.npy,processed/vlm_semantic_part/renders/3danet_full_4b5af07edb80a0c3c1dae5936fc55ce0_pick_up
v3_review_000113,3danet_full_4b5af07edb80a0c3c1dae5936fc55ce0_open_pull,Door,open_pull,gripper,review,large_scale_review,point_refine,true,true,,Large-scale first-pass human review queue; candidate generation should propose top-k regions and reviewers finalize the mask.,processed/points/3d_affordancenet_full_shape_val_batch_v3/3danet_full_4b5af07edb80a0c3c1dae5936fc55ce0.npy,processed/masks/3d_affordancenet_full_shape_val_batch_v3/3danet_full_4b5af07edb80a0c3c1dae5936fc55ce0_open_pull.npy,processed/masks/3d_affordancenet_full_shape_val_batch_v3/3danet_full_4b5af07edb80a0c3c1dae5936fc55ce0_open_pull.npy,processed/vlm_semantic_part/renders/3danet_full_4b5af07edb80a0c3c1dae5936fc55ce0_open_pull
v3_review_000114,3danet_full_4b5af07edb80a0c3c1dae5936fc55ce0_open_pull,Door,open_pull,suction,review,large_scale_review,point_refine,true,true,,Large-scale first-pass human review queue; candidate generation should propose top-k regions and reviewers finalize the mask.,processed/points/3d_affordancenet_full_shape_val_batch_v3/3danet_full_4b5af07edb80a0c3c1dae5936fc55ce0.npy,processed/masks/3d_affordancenet_full_shape_val_batch_v3/3danet_full_4b5af07edb80a0c3c1dae5936fc55ce0_open_pull.npy,processed/masks/3d_affordancenet_full_shape_val_batch_v3/3danet_full_4b5af07edb80a0c3c1dae5936fc55ce0_open_pull.npy,processed/vlm_semantic_part/renders/3danet_full_4b5af07edb80a0c3c1dae5936fc55ce0_open_pull
v3_review_000115,3danet_full_4b5af07edb80a0c3c1dae5936fc55ce0_open_pull,Door,open_pull,hook,review,large_scale_review,point_refine,true,true,,Large-scale first-pass human review queue; candidate generation should propose top-k regions and reviewers finalize the mask.,processed/points/3d_affordancenet_full_shape_val_batch_v3/3danet_full_4b5af07edb80a0c3c1dae5936fc55ce0.npy,processed/masks/3d_affordancenet_full_shape_val_batch_v3/3danet_full_4b5af07edb80a0c3c1dae5936fc55ce0_open_pull.npy,processed/masks/3d_affordancenet_full_shape_val_batch_v3/3danet_full_4b5af07edb80a0c3c1dae5936fc55ce0_open_pull.npy,processed/vlm_semantic_part/renders/3danet_full_4b5af07edb80a0c3c1dae5936fc55ce0_open_pull
v3_review_000116,3danet_full_4b5af07edb80a0c3c1dae5936fc55ce0_open_pull,Door,open_pull,dexterous_hand,review,large_scale_review,point_refine,true,true,,Large-scale first-pass human review queue; candidate generation should propose top-k regions and reviewers finalize the mask.,processed/points/3d_affordancenet_full_shape_val_batch_v3/3danet_full_4b5af07edb80a0c3c1dae5936fc55ce0.npy,processed/masks/3d_affordancenet_full_shape_val_batch_v3/3danet_full_4b5af07edb80a0c3c1dae5936fc55ce0_open_pull.npy,processed/masks/3d_affordancenet_full_shape_val_batch_v3/3danet_full_4b5af07edb80a0c3c1dae5936fc55ce0_open_pull.npy,processed/vlm_semantic_part/renders/3danet_full_4b5af07edb80a0c3c1dae5936fc55ce0_open_pull
v3_review_000117,3danet_full_4b5af07edb80a0c3c1dae5936fc55ce0_press_push,Door,press_push,gripper,empty_review_required,executor_infeasible_empty_label,confirm_empty,true,false,no_graspable_region,"This object-task pair is kept, but this executor channel is marked infeasible by source metadata. Reviewer should confirm the empty label unless a valid affordance region is visible.",processed/points/3d_affordancenet_full_shape_val_batch_v3/3danet_full_4b5af07edb80a0c3c1dae5936fc55ce0.npy,processed/masks/3d_affordancenet_full_shape_val_batch_v3/3danet_full_4b5af07edb80a0c3c1dae5936fc55ce0_press_push.npy,processed/masks/3d_affordancenet_full_shape_val_batch_v3/3danet_full_4b5af07edb80a0c3c1dae5936fc55ce0_press_push.npy,processed/vlm_semantic_part/renders/3danet_full_4b5af07edb80a0c3c1dae5936fc55ce0_press_push
v3_review_000118,3danet_full_4b5af07edb80a0c3c1dae5936fc55ce0_press_push,Door,press_push,suction,review,large_scale_review,point_refine,true,true,,Large-scale first-pass human review queue; candidate generation should propose top-k regions and reviewers finalize the mask.,processed/points/3d_affordancenet_full_shape_val_batch_v3/3danet_full_4b5af07edb80a0c3c1dae5936fc55ce0.npy,processed/masks/3d_affordancenet_full_shape_val_batch_v3/3danet_full_4b5af07edb80a0c3c1dae5936fc55ce0_press_push.npy,processed/masks/3d_affordancenet_full_shape_val_batch_v3/3danet_full_4b5af07edb80a0c3c1dae5936fc55ce0_press_push.npy,processed/vlm_semantic_part/renders/3danet_full_4b5af07edb80a0c3c1dae5936fc55ce0_press_push
v3_review_000119,3danet_full_4b5af07edb80a0c3c1dae5936fc55ce0_press_push,Door,press_push,hook,empty_review_required,executor_infeasible_empty_label,confirm_empty,true,false,no_hookable_structure,"This object-task pair is kept, but this executor channel is marked infeasible by source metadata. Reviewer should confirm the empty label unless a valid affordance region is visible.",processed/points/3d_affordancenet_full_shape_val_batch_v3/3danet_full_4b5af07edb80a0c3c1dae5936fc55ce0.npy,processed/masks/3d_affordancenet_full_shape_val_batch_v3/3danet_full_4b5af07edb80a0c3c1dae5936fc55ce0_press_push.npy,processed/masks/3d_affordancenet_full_shape_val_batch_v3/3danet_full_4b5af07edb80a0c3c1dae5936fc55ce0_press_push.npy,processed/vlm_semantic_part/renders/3danet_full_4b5af07edb80a0c3c1dae5936fc55ce0_press_push
v3_review_000120,3danet_full_4b5af07edb80a0c3c1dae5936fc55ce0_press_push,Door,press_push,dexterous_hand,empty_review_required,executor_infeasible_empty_label,confirm_empty,true,false,ordinary_surface_without_operation_meaning,"This object-task pair is kept, but this executor channel is marked infeasible by source metadata. Reviewer should confirm the empty label unless a valid affordance region is visible.",processed/points/3d_affordancenet_full_shape_val_batch_v3/3danet_full_4b5af07edb80a0c3c1dae5936fc55ce0.npy,processed/masks/3d_affordancenet_full_shape_val_batch_v3/3danet_full_4b5af07edb80a0c3c1dae5936fc55ce0_press_push.npy,processed/masks/3d_affordancenet_full_shape_val_batch_v3/3danet_full_4b5af07edb80a0c3c1dae5936fc55ce0_press_push.npy,processed/vlm_semantic_part/renders/3danet_full_4b5af07edb80a0c3c1dae5936fc55ce0_press_push
v3_review_000121,3danet_full_6fe579a164778f347a5ca0cf7b9a302b_pick_up,Door,pick_up,gripper,empty_review_required,executor_infeasible_empty_label,confirm_empty,true,false,no_graspable_region,"This object-task pair is kept, but this executor channel is marked infeasible by source metadata. Reviewer should confirm the empty label unless a valid affordance region is visible.",processed/points/3d_affordancenet_full_shape_val_batch_v3/3danet_full_6fe579a164778f347a5ca0cf7b9a302b.npy,processed/masks/3d_affordancenet_full_shape_val_batch_v3/3danet_full_6fe579a164778f347a5ca0cf7b9a302b_pick_up.npy,processed/masks/3d_affordancenet_full_shape_val_batch_v3/3danet_full_6fe579a164778f347a5ca0cf7b9a302b_pick_up.npy,processed/vlm_semantic_part/renders/3danet_full_6fe579a164778f347a5ca0cf7b9a302b_pick_up
v3_review_000122,3danet_full_6fe579a164778f347a5ca0cf7b9a302b_pick_up,Door,pick_up,suction,empty_review_required,executor_infeasible_empty_label,confirm_empty,true,false,no_flat_suction_surface,"This object-task pair is kept, but this executor channel is marked infeasible by source metadata. Reviewer should confirm the empty label unless a valid affordance region is visible.",processed/points/3d_affordancenet_full_shape_val_batch_v3/3danet_full_6fe579a164778f347a5ca0cf7b9a302b.npy,processed/masks/3d_affordancenet_full_shape_val_batch_v3/3danet_full_6fe579a164778f347a5ca0cf7b9a302b_pick_up.npy,processed/masks/3d_affordancenet_full_shape_val_batch_v3/3danet_full_6fe579a164778f347a5ca0cf7b9a302b_pick_up.npy,processed/vlm_semantic_part/renders/3danet_full_6fe579a164778f347a5ca0cf7b9a302b_pick_up
v3_review_000123,3danet_full_6fe579a164778f347a5ca0cf7b9a302b_pick_up,Door,pick_up,hook,empty_review_required,executor_infeasible_empty_label,confirm_empty,true,false,no_hookable_structure,"This object-task pair is kept, but this executor channel is marked infeasible by source metadata. Reviewer should confirm the empty label unless a valid affordance region is visible.",processed/points/3d_affordancenet_full_shape_val_batch_v3/3danet_full_6fe579a164778f347a5ca0cf7b9a302b.npy,processed/masks/3d_affordancenet_full_shape_val_batch_v3/3danet_full_6fe579a164778f347a5ca0cf7b9a302b_pick_up.npy,processed/masks/3d_affordancenet_full_shape_val_batch_v3/3danet_full_6fe579a164778f347a5ca0cf7b9a302b_pick_up.npy,processed/vlm_semantic_part/renders/3danet_full_6fe579a164778f347a5ca0cf7b9a302b_pick_up
v3_review_000124,3danet_full_6fe579a164778f347a5ca0cf7b9a302b_pick_up,Door,pick_up,dexterous_hand,empty_review_required,executor_infeasible_empty_label,confirm_empty,true,false,ordinary_surface_without_operation_meaning,"This object-task pair is kept, but this executor channel is marked infeasible by source metadata. Reviewer should confirm the empty label unless a valid affordance region is visible.",processed/points/3d_affordancenet_full_shape_val_batch_v3/3danet_full_6fe579a164778f347a5ca0cf7b9a302b.npy,processed/masks/3d_affordancenet_full_shape_val_batch_v3/3danet_full_6fe579a164778f347a5ca0cf7b9a302b_pick_up.npy,processed/masks/3d_affordancenet_full_shape_val_batch_v3/3danet_full_6fe579a164778f347a5ca0cf7b9a302b_pick_up.npy,processed/vlm_semantic_part/renders/3danet_full_6fe579a164778f347a5ca0cf7b9a302b_pick_up
v3_review_000125,3danet_full_6fe579a164778f347a5ca0cf7b9a302b_open_pull,Door,open_pull,gripper,review,large_scale_review,point_refine,true,true,,Large-scale first-pass human review queue; candidate generation should propose top-k regions and reviewers finalize the mask.,processed/points/3d_affordancenet_full_shape_val_batch_v3/3danet_full_6fe579a164778f347a5ca0cf7b9a302b.npy,processed/masks/3d_affordancenet_full_shape_val_batch_v3/3danet_full_6fe579a164778f347a5ca0cf7b9a302b_open_pull.npy,processed/masks/3d_affordancenet_full_shape_val_batch_v3/3danet_full_6fe579a164778f347a5ca0cf7b9a302b_open_pull.npy,processed/vlm_semantic_part/renders/3danet_full_6fe579a164778f347a5ca0cf7b9a302b_open_pull
v3_review_000126,3danet_full_6fe579a164778f347a5ca0cf7b9a302b_open_pull,Door,open_pull,suction,review,large_scale_review,point_refine,true,true,,Large-scale first-pass human review queue; candidate generation should propose top-k regions and reviewers finalize the mask.,processed/points/3d_affordancenet_full_shape_val_batch_v3/3danet_full_6fe579a164778f347a5ca0cf7b9a302b.npy,processed/masks/3d_affordancenet_full_shape_val_batch_v3/3danet_full_6fe579a164778f347a5ca0cf7b9a302b_open_pull.npy,processed/masks/3d_affordancenet_full_shape_val_batch_v3/3danet_full_6fe579a164778f347a5ca0cf7b9a302b_open_pull.npy,processed/vlm_semantic_part/renders/3danet_full_6fe579a164778f347a5ca0cf7b9a302b_open_pull
v3_review_000127,3danet_full_6fe579a164778f347a5ca0cf7b9a302b_open_pull,Door,open_pull,hook,empty_review_required,executor_infeasible_empty_label,confirm_empty,true,false,no_hookable_structure,"This object-task pair is kept, but this executor channel is marked infeasible by source metadata. Reviewer should confirm the empty label unless a valid affordance region is visible.",processed/points/3d_affordancenet_full_shape_val_batch_v3/3danet_full_6fe579a164778f347a5ca0cf7b9a302b.npy,processed/masks/3d_affordancenet_full_shape_val_batch_v3/3danet_full_6fe579a164778f347a5ca0cf7b9a302b_open_pull.npy,processed/masks/3d_affordancenet_full_shape_val_batch_v3/3danet_full_6fe579a164778f347a5ca0cf7b9a302b_open_pull.npy,processed/vlm_semantic_part/renders/3danet_full_6fe579a164778f347a5ca0cf7b9a302b_open_pull
v3_review_000128,3danet_full_6fe579a164778f347a5ca0cf7b9a302b_open_pull,Door,open_pull,dexterous_hand,review,large_scale_review,point_refine,true,true,,Large-scale first-pass human review queue; candidate generation should propose top-k regions and reviewers finalize the mask.,processed/points/3d_affordancenet_full_shape_val_batch_v3/3danet_full_6fe579a164778f347a5ca0cf7b9a302b.npy,processed/masks/3d_affordancenet_full_shape_val_batch_v3/3danet_full_6fe579a164778f347a5ca0cf7b9a302b_open_pull.npy,processed/masks/3d_affordancenet_full_shape_val_batch_v3/3danet_full_6fe579a164778f347a5ca0cf7b9a302b_open_pull.npy,processed/vlm_semantic_part/renders/3danet_full_6fe579a164778f347a5ca0cf7b9a302b_open_pull
v3_review_000129,3danet_full_6fe579a164778f347a5ca0cf7b9a302b_press_push,Door,press_push,gripper,empty_review_required,executor_infeasible_empty_label,confirm_empty,true,false,no_graspable_region,"This object-task pair is kept, but this executor channel is marked infeasible by source metadata. Reviewer should confirm the empty label unless a valid affordance region is visible.",processed/points/3d_affordancenet_full_shape_val_batch_v3/3danet_full_6fe579a164778f347a5ca0cf7b9a302b.npy,processed/masks/3d_affordancenet_full_shape_val_batch_v3/3danet_full_6fe579a164778f347a5ca0cf7b9a302b_press_push.npy,processed/masks/3d_affordancenet_full_shape_val_batch_v3/3danet_full_6fe579a164778f347a5ca0cf7b9a302b_press_push.npy,processed/vlm_semantic_part/renders/3danet_full_6fe579a164778f347a5ca0cf7b9a302b_press_push
v3_review_000130,3danet_full_6fe579a164778f347a5ca0cf7b9a302b_press_push,Door,press_push,suction,review,large_scale_review,point_refine,true,true,,Large-scale first-pass human review queue; candidate generation should propose top-k regions and reviewers finalize the mask.,processed/points/3d_affordancenet_full_shape_val_batch_v3/3danet_full_6fe579a164778f347a5ca0cf7b9a302b.npy,processed/masks/3d_affordancenet_full_shape_val_batch_v3/3danet_full_6fe579a164778f347a5ca0cf7b9a302b_press_push.npy,processed/masks/3d_affordancenet_full_shape_val_batch_v3/3danet_full_6fe579a164778f347a5ca0cf7b9a302b_press_push.npy,processed/vlm_semantic_part/renders/3danet_full_6fe579a164778f347a5ca0cf7b9a302b_press_push
v3_review_000131,3danet_full_6fe579a164778f347a5ca0cf7b9a302b_press_push,Door,press_push,hook,empty_review_required,executor_infeasible_empty_label,confirm_empty,true,false,no_hookable_structure,"This object-task pair is kept, but this executor channel is marked infeasible by source metadata. Reviewer should confirm the empty label unless a valid affordance region is visible.",processed/points/3d_affordancenet_full_shape_val_batch_v3/3danet_full_6fe579a164778f347a5ca0cf7b9a302b.npy,processed/masks/3d_affordancenet_full_shape_val_batch_v3/3danet_full_6fe579a164778f347a5ca0cf7b9a302b_press_push.npy,processed/masks/3d_affordancenet_full_shape_val_batch_v3/3danet_full_6fe579a164778f347a5ca0cf7b9a302b_press_push.npy,processed/vlm_semantic_part/renders/3danet_full_6fe579a164778f347a5ca0cf7b9a302b_press_push
v3_review_000132,3danet_full_6fe579a164778f347a5ca0cf7b9a302b_press_push,Door,press_push,dexterous_hand,empty_review_required,executor_infeasible_empty_label,confirm_empty,true,false,ordinary_surface_without_operation_meaning,"This object-task pair is kept, but this executor channel is marked infeasible by source metadata. Reviewer should confirm the empty label unless a valid affordance region is visible.",processed/points/3d_affordancenet_full_shape_val_batch_v3/3danet_full_6fe579a164778f347a5ca0cf7b9a302b.npy,processed/masks/3d_affordancenet_full_shape_val_batch_v3/3danet_full_6fe579a164778f347a5ca0cf7b9a302b_press_push.npy,processed/masks/3d_affordancenet_full_shape_val_batch_v3/3danet_full_6fe579a164778f347a5ca0cf7b9a302b_press_push.npy,processed/vlm_semantic_part/renders/3danet_full_6fe579a164778f347a5ca0cf7b9a302b_press_push
v3_review_000133,3danet_full_27b4160ebad24d66a52725b2ff2992e_pick_up,Door,pick_up,gripper,empty_review_required,executor_infeasible_empty_label,confirm_empty,true,false,no_graspable_region,"This object-task pair is kept, but this executor channel is marked infeasible by source metadata. Reviewer should confirm the empty label unless a valid affordance region is visible.",processed/points/3d_affordancenet_full_shape_val_batch_v3/3danet_full_27b4160ebad24d66a52725b2ff2992e.npy,processed/masks/3d_affordancenet_full_shape_val_batch_v3/3danet_full_27b4160ebad24d66a52725b2ff2992e_pick_up.npy,processed/masks/3d_affordancenet_full_shape_val_batch_v3/3danet_full_27b4160ebad24d66a52725b2ff2992e_pick_up.npy,processed/vlm_semantic_part/renders/3danet_full_27b4160ebad24d66a52725b2ff2992e_pick_up
v3_review_000134,3danet_full_27b4160ebad24d66a52725b2ff2992e_pick_up,Door,pick_up,suction,empty_review_required,executor_infeasible_empty_label,confirm_empty,true,false,no_flat_suction_surface,"This object-task pair is kept, but this executor channel is marked infeasible by source metadata. Reviewer should confirm the empty label unless a valid affordance region is visible.",processed/points/3d_affordancenet_full_shape_val_batch_v3/3danet_full_27b4160ebad24d66a52725b2ff2992e.npy,processed/masks/3d_affordancenet_full_shape_val_batch_v3/3danet_full_27b4160ebad24d66a52725b2ff2992e_pick_up.npy,processed/masks/3d_affordancenet_full_shape_val_batch_v3/3danet_full_27b4160ebad24d66a52725b2ff2992e_pick_up.npy,processed/vlm_semantic_part/renders/3danet_full_27b4160ebad24d66a52725b2ff2992e_pick_up
v3_review_000135,3danet_full_27b4160ebad24d66a52725b2ff2992e_pick_up,Door,pick_up,hook,empty_review_required,executor_infeasible_empty_label,confirm_empty,true,false,no_hookable_structure,"This object-task pair is kept, but this executor channel is marked infeasible by source metadata. Reviewer should confirm the empty label unless a valid affordance region is visible.",processed/points/3d_affordancenet_full_shape_val_batch_v3/3danet_full_27b4160ebad24d66a52725b2ff2992e.npy,processed/masks/3d_affordancenet_full_shape_val_batch_v3/3danet_full_27b4160ebad24d66a52725b2ff2992e_pick_up.npy,processed/masks/3d_affordancenet_full_shape_val_batch_v3/3danet_full_27b4160ebad24d66a52725b2ff2992e_pick_up.npy,processed/vlm_semantic_part/renders/3danet_full_27b4160ebad24d66a52725b2ff2992e_pick_up
v3_review_000136,3danet_full_27b4160ebad24d66a52725b2ff2992e_pick_up,Door,pick_up,dexterous_hand,empty_review_required,executor_infeasible_empty_label,confirm_empty,true,false,ordinary_surface_without_operation_meaning,"This object-task pair is kept, but this executor channel is marked infeasible by source metadata. Reviewer should confirm the empty label unless a valid affordance region is visible.",processed/points/3d_affordancenet_full_shape_val_batch_v3/3danet_full_27b4160ebad24d66a52725b2ff2992e.npy,processed/masks/3d_affordancenet_full_shape_val_batch_v3/3danet_full_27b4160ebad24d66a52725b2ff2992e_pick_up.npy,processed/masks/3d_affordancenet_full_shape_val_batch_v3/3danet_full_27b4160ebad24d66a52725b2ff2992e_pick_up.npy,processed/vlm_semantic_part/renders/3danet_full_27b4160ebad24d66a52725b2ff2992e_pick_up
v3_review_000137,3danet_full_27b4160ebad24d66a52725b2ff2992e_open_pull,Door,open_pull,gripper,empty_review_required,executor_infeasible_empty_label,confirm_empty,true,false,no_graspable_region,"This object-task pair is kept, but this executor channel is marked infeasible by source metadata. Reviewer should confirm the empty label unless a valid affordance region is visible.",processed/points/3d_affordancenet_full_shape_val_batch_v3/3danet_full_27b4160ebad24d66a52725b2ff2992e.npy,processed/masks/3d_affordancenet_full_shape_val_batch_v3/3danet_full_27b4160ebad24d66a52725b2ff2992e_open_pull.npy,processed/masks/3d_affordancenet_full_shape_val_batch_v3/3danet_full_27b4160ebad24d66a52725b2ff2992e_open_pull.npy,processed/vlm_semantic_part/renders/3danet_full_27b4160ebad24d66a52725b2ff2992e_open_pull
v3_review_000138,3danet_full_27b4160ebad24d66a52725b2ff2992e_open_pull,Door,open_pull,suction,review,large_scale_review,point_refine,true,true,,Large-scale first-pass human review queue; candidate generation should propose top-k regions and reviewers finalize the mask.,processed/points/3d_affordancenet_full_shape_val_batch_v3/3danet_full_27b4160ebad24d66a52725b2ff2992e.npy,processed/masks/3d_affordancenet_full_shape_val_batch_v3/3danet_full_27b4160ebad24d66a52725b2ff2992e_open_pull.npy,processed/masks/3d_affordancenet_full_shape_val_batch_v3/3danet_full_27b4160ebad24d66a52725b2ff2992e_open_pull.npy,processed/vlm_semantic_part/renders/3danet_full_27b4160ebad24d66a52725b2ff2992e_open_pull
v3_review_000139,3danet_full_27b4160ebad24d66a52725b2ff2992e_open_pull,Door,open_pull,hook,empty_review_required,executor_infeasible_empty_label,confirm_empty,true,false,no_hookable_structure,"This object-task pair is kept, but this executor channel is marked infeasible by source metadata. Reviewer should confirm the empty label unless a valid affordance region is visible.",processed/points/3d_affordancenet_full_shape_val_batch_v3/3danet_full_27b4160ebad24d66a52725b2ff2992e.npy,processed/masks/3d_affordancenet_full_shape_val_batch_v3/3danet_full_27b4160ebad24d66a52725b2ff2992e_open_pull.npy,processed/masks/3d_affordancenet_full_shape_val_batch_v3/3danet_full_27b4160ebad24d66a52725b2ff2992e_open_pull.npy,processed/vlm_semantic_part/renders/3danet_full_27b4160ebad24d66a52725b2ff2992e_open_pull
v3_review_000140,3danet_full_27b4160ebad24d66a52725b2ff2992e_open_pull,Door,open_pull,dexterous_hand,empty_review_required,executor_infeasible_empty_label,confirm_empty,true,false,ordinary_surface_without_operation_meaning,"This object-task pair is kept, but this executor channel is marked infeasible by source metadata. Reviewer should confirm the empty label unless a valid affordance region is visible.",processed/points/3d_affordancenet_full_shape_val_batch_v3/3danet_full_27b4160ebad24d66a52725b2ff2992e.npy,processed/masks/3d_affordancenet_full_shape_val_batch_v3/3danet_full_27b4160ebad24d66a52725b2ff2992e_open_pull.npy,processed/masks/3d_affordancenet_full_shape_val_batch_v3/3danet_full_27b4160ebad24d66a52725b2ff2992e_open_pull.npy,processed/vlm_semantic_part/renders/3danet_full_27b4160ebad24d66a52725b2ff2992e_open_pull
v3_review_000141,3danet_full_27b4160ebad24d66a52725b2ff2992e_press_push,Door,press_push,gripper,empty_review_required,executor_infeasible_empty_label,confirm_empty,true,false,no_graspable_region,"This object-task pair is kept, but this executor channel is marked infeasible by source metadata. Reviewer should confirm the empty label unless a valid affordance region is visible.",processed/points/3d_affordancenet_full_shape_val_batch_v3/3danet_full_27b4160ebad24d66a52725b2ff2992e.npy,processed/masks/3d_affordancenet_full_shape_val_batch_v3/3danet_full_27b4160ebad24d66a52725b2ff2992e_press_push.npy,processed/masks/3d_affordancenet_full_shape_val_batch_v3/3danet_full_27b4160ebad24d66a52725b2ff2992e_press_push.npy,processed/vlm_semantic_part/renders/3danet_full_27b4160ebad24d66a52725b2ff2992e_press_push
v3_review_000142,3danet_full_27b4160ebad24d66a52725b2ff2992e_press_push,Door,press_push,suction,review,large_scale_review,point_refine,true,true,,Large-scale first-pass human review queue; candidate generation should propose top-k regions and reviewers finalize the mask.,processed/points/3d_affordancenet_full_shape_val_batch_v3/3danet_full_27b4160ebad24d66a52725b2ff2992e.npy,processed/masks/3d_affordancenet_full_shape_val_batch_v3/3danet_full_27b4160ebad24d66a52725b2ff2992e_press_push.npy,processed/masks/3d_affordancenet_full_shape_val_batch_v3/3danet_full_27b4160ebad24d66a52725b2ff2992e_press_push.npy,processed/vlm_semantic_part/renders/3danet_full_27b4160ebad24d66a52725b2ff2992e_press_push
v3_review_000143,3danet_full_27b4160ebad24d66a52725b2ff2992e_press_push,Door,press_push,hook,empty_review_required,executor_infeasible_empty_label,confirm_empty,true,false,no_hookable_structure,"This object-task pair is kept, but this executor channel is marked infeasible by source metadata. Reviewer should confirm the empty label unless a valid affordance region is visible.",processed/points/3d_affordancenet_full_shape_val_batch_v3/3danet_full_27b4160ebad24d66a52725b2ff2992e.npy,processed/masks/3d_affordancenet_full_shape_val_batch_v3/3danet_full_27b4160ebad24d66a52725b2ff2992e_press_push.npy,processed/masks/3d_affordancenet_full_shape_val_batch_v3/3danet_full_27b4160ebad24d66a52725b2ff2992e_press_push.npy,processed/vlm_semantic_part/renders/3danet_full_27b4160ebad24d66a52725b2ff2992e_press_push
v3_review_000144,3danet_full_27b4160ebad24d66a52725b2ff2992e_press_push,Door,press_push,dexterous_hand,empty_review_required,executor_infeasible_empty_label,confirm_empty,true,false,ordinary_surface_without_operation_meaning,"This object-task pair is kept, but this executor channel is marked infeasible by source metadata. Reviewer should confirm the empty label unless a valid affordance region is visible.",processed/points/3d_affordancenet_full_shape_val_batch_v3/3danet_full_27b4160ebad24d66a52725b2ff2992e.npy,processed/masks/3d_affordancenet_full_shape_val_batch_v3/3danet_full_27b4160ebad24d66a52725b2ff2992e_press_push.npy,processed/masks/3d_affordancenet_full_shape_val_batch_v3/3danet_full_27b4160ebad24d66a52725b2ff2992e_press_push.npy,processed/vlm_semantic_part/renders/3danet_full_27b4160ebad24d66a52725b2ff2992e_press_push
v3_review_000145,3danet_full_a4f42cb53d61e0191e957b760ffbb80e_pick_up,Door,pick_up,gripper,empty_review_required,executor_infeasible_empty_label,confirm_empty,true,false,no_graspable_region,"This object-task pair is kept, but this executor channel is marked infeasible by source metadata. Reviewer should confirm the empty label unless a valid affordance region is visible.",processed/points/3d_affordancenet_full_shape_val_batch_v3/3danet_full_a4f42cb53d61e0191e957b760ffbb80e.npy,processed/masks/3d_affordancenet_full_shape_val_batch_v3/3danet_full_a4f42cb53d61e0191e957b760ffbb80e_pick_up.npy,processed/masks/3d_affordancenet_full_shape_val_batch_v3/3danet_full_a4f42cb53d61e0191e957b760ffbb80e_pick_up.npy,processed/vlm_semantic_part/renders/3danet_full_a4f42cb53d61e0191e957b760ffbb80e_pick_up
v3_review_000146,3danet_full_a4f42cb53d61e0191e957b760ffbb80e_pick_up,Door,pick_up,suction,empty_review_required,executor_infeasible_empty_label,confirm_empty,true,false,no_flat_suction_surface,"This object-task pair is kept, but this executor channel is marked infeasible by source metadata. Reviewer should confirm the empty label unless a valid affordance region is visible.",processed/points/3d_affordancenet_full_shape_val_batch_v3/3danet_full_a4f42cb53d61e0191e957b760ffbb80e.npy,processed/masks/3d_affordancenet_full_shape_val_batch_v3/3danet_full_a4f42cb53d61e0191e957b760ffbb80e_pick_up.npy,processed/masks/3d_affordancenet_full_shape_val_batch_v3/3danet_full_a4f42cb53d61e0191e957b760ffbb80e_pick_up.npy,processed/vlm_semantic_part/renders/3danet_full_a4f42cb53d61e0191e957b760ffbb80e_pick_up
v3_review_000147,3danet_full_a4f42cb53d61e0191e957b760ffbb80e_pick_up,Door,pick_up,hook,empty_review_required,executor_infeasible_empty_label,confirm_empty,true,false,no_hookable_structure,"This object-task pair is kept, but this executor channel is marked infeasible by source metadata. Reviewer should confirm the empty label unless a valid affordance region is visible.",processed/points/3d_affordancenet_full_shape_val_batch_v3/3danet_full_a4f42cb53d61e0191e957b760ffbb80e.npy,processed/masks/3d_affordancenet_full_shape_val_batch_v3/3danet_full_a4f42cb53d61e0191e957b760ffbb80e_pick_up.npy,processed/masks/3d_affordancenet_full_shape_val_batch_v3/3danet_full_a4f42cb53d61e0191e957b760ffbb80e_pick_up.npy,processed/vlm_semantic_part/renders/3danet_full_a4f42cb53d61e0191e957b760ffbb80e_pick_up
v3_review_000148,3danet_full_a4f42cb53d61e0191e957b760ffbb80e_pick_up,Door,pick_up,dexterous_hand,empty_review_required,executor_infeasible_empty_label,confirm_empty,true,false,ordinary_surface_without_operation_meaning,"This object-task pair is kept, but this executor channel is marked infeasible by source metadata. Reviewer should confirm the empty label unless a valid affordance region is visible.",processed/points/3d_affordancenet_full_shape_val_batch_v3/3danet_full_a4f42cb53d61e0191e957b760ffbb80e.npy,processed/masks/3d_affordancenet_full_shape_val_batch_v3/3danet_full_a4f42cb53d61e0191e957b760ffbb80e_pick_up.npy,processed/masks/3d_affordancenet_full_shape_val_batch_v3/3danet_full_a4f42cb53d61e0191e957b760ffbb80e_pick_up.npy,processed/vlm_semantic_part/renders/3danet_full_a4f42cb53d61e0191e957b760ffbb80e_pick_up
v3_review_000149,3danet_full_a4f42cb53d61e0191e957b760ffbb80e_open_pull,Door,open_pull,gripper,review,large_scale_review,point_refine,true,true,,Large-scale first-pass human review queue; candidate generation should propose top-k regions and reviewers finalize the mask.,processed/points/3d_affordancenet_full_shape_val_batch_v3/3danet_full_a4f42cb53d61e0191e957b760ffbb80e.npy,processed/masks/3d_affordancenet_full_shape_val_batch_v3/3danet_full_a4f42cb53d61e0191e957b760ffbb80e_open_pull.npy,processed/masks/3d_affordancenet_full_shape_val_batch_v3/3danet_full_a4f42cb53d61e0191e957b760ffbb80e_open_pull.npy,processed/vlm_semantic_part/renders/3danet_full_a4f42cb53d61e0191e957b760ffbb80e_open_pull
v3_review_000150,3danet_full_a4f42cb53d61e0191e957b760ffbb80e_open_pull,Door,open_pull,suction,review,large_scale_review,point_refine,true,true,,Large-scale first-pass human review queue; candidate generation should propose top-k regions and reviewers finalize the mask.,processed/points/3d_affordancenet_full_shape_val_batch_v3/3danet_full_a4f42cb53d61e0191e957b760ffbb80e.npy,processed/masks/3d_affordancenet_full_shape_val_batch_v3/3danet_full_a4f42cb53d61e0191e957b760ffbb80e_open_pull.npy,processed/masks/3d_affordancenet_full_shape_val_batch_v3/3danet_full_a4f42cb53d61e0191e957b760ffbb80e_open_pull.npy,processed/vlm_semantic_part/renders/3danet_full_a4f42cb53d61e0191e957b760ffbb80e_open_pull
v3_review_000151,3danet_full_a4f42cb53d61e0191e957b760ffbb80e_open_pull,Door,open_pull,hook,review,large_scale_review,point_refine,true,true,,Large-scale first-pass human review queue; candidate generation should propose top-k regions and reviewers finalize the mask.,processed/points/3d_affordancenet_full_shape_val_batch_v3/3danet_full_a4f42cb53d61e0191e957b760ffbb80e.npy,processed/masks/3d_affordancenet_full_shape_val_batch_v3/3danet_full_a4f42cb53d61e0191e957b760ffbb80e_open_pull.npy,processed/masks/3d_affordancenet_full_shape_val_batch_v3/3danet_full_a4f42cb53d61e0191e957b760ffbb80e_open_pull.npy,processed/vlm_semantic_part/renders/3danet_full_a4f42cb53d61e0191e957b760ffbb80e_open_pull
v3_review_000152,3danet_full_a4f42cb53d61e0191e957b760ffbb80e_open_pull,Door,open_pull,dexterous_hand,review,large_scale_review,point_refine,true,true,,Large-scale first-pass human review queue; candidate generation should propose top-k regions and reviewers finalize the mask.,processed/points/3d_affordancenet_full_shape_val_batch_v3/3danet_full_a4f42cb53d61e0191e957b760ffbb80e.npy,processed/masks/3d_affordancenet_full_shape_val_batch_v3/3danet_full_a4f42cb53d61e0191e957b760ffbb80e_open_pull.npy,processed/masks/3d_affordancenet_full_shape_val_batch_v3/3danet_full_a4f42cb53d61e0191e957b760ffbb80e_open_pull.npy,processed/vlm_semantic_part/renders/3danet_full_a4f42cb53d61e0191e957b760ffbb80e_open_pull
v3_review_000153,3danet_full_a4f42cb53d61e0191e957b760ffbb80e_press_push,Door,press_push,gripper,empty_review_required,executor_infeasible_empty_label,confirm_empty,true,false,no_graspable_region,"This object-task pair is kept, but this executor channel is marked infeasible by source metadata. Reviewer should confirm the empty label unless a valid affordance region is visible.",processed/points/3d_affordancenet_full_shape_val_batch_v3/3danet_full_a4f42cb53d61e0191e957b760ffbb80e.npy,processed/masks/3d_affordancenet_full_shape_val_batch_v3/3danet_full_a4f42cb53d61e0191e957b760ffbb80e_press_push.npy,processed/masks/3d_affordancenet_full_shape_val_batch_v3/3danet_full_a4f42cb53d61e0191e957b760ffbb80e_press_push.npy,processed/vlm_semantic_part/renders/3danet_full_a4f42cb53d61e0191e957b760ffbb80e_press_push
v3_review_000154,3danet_full_a4f42cb53d61e0191e957b760ffbb80e_press_push,Door,press_push,suction,review,large_scale_review,point_refine,true,true,,Large-scale first-pass human review queue; candidate generation should propose top-k regions and reviewers finalize the mask.,processed/points/3d_affordancenet_full_shape_val_batch_v3/3danet_full_a4f42cb53d61e0191e957b760ffbb80e.npy,processed/masks/3d_affordancenet_full_shape_val_batch_v3/3danet_full_a4f42cb53d61e0191e957b760ffbb80e_press_push.npy,processed/masks/3d_affordancenet_full_shape_val_batch_v3/3danet_full_a4f42cb53d61e0191e957b760ffbb80e_press_push.npy,processed/vlm_semantic_part/renders/3danet_full_a4f42cb53d61e0191e957b760ffbb80e_press_push
v3_review_000155,3danet_full_a4f42cb53d61e0191e957b760ffbb80e_press_push,Door,press_push,hook,empty_review_required,executor_infeasible_empty_label,confirm_empty,true,false,no_hookable_structure,"This object-task pair is kept, but this executor channel is marked infeasible by source metadata. Reviewer should confirm the empty label unless a valid affordance region is visible.",processed/points/3d_affordancenet_full_shape_val_batch_v3/3danet_full_a4f42cb53d61e0191e957b760ffbb80e.npy,processed/masks/3d_affordancenet_full_shape_val_batch_v3/3danet_full_a4f42cb53d61e0191e957b760ffbb80e_press_push.npy,processed/masks/3d_affordancenet_full_shape_val_batch_v3/3danet_full_a4f42cb53d61e0191e957b760ffbb80e_press_push.npy,processed/vlm_semantic_part/renders/3danet_full_a4f42cb53d61e0191e957b760ffbb80e_press_push
v3_review_000156,3danet_full_a4f42cb53d61e0191e957b760ffbb80e_press_push,Door,press_push,dexterous_hand,empty_review_required,executor_infeasible_empty_label,confirm_empty,true,false,ordinary_surface_without_operation_meaning,"This object-task pair is kept, but this executor channel is marked infeasible by source metadata. Reviewer should confirm the empty label unless a valid affordance region is visible.",processed/points/3d_affordancenet_full_shape_val_batch_v3/3danet_full_a4f42cb53d61e0191e957b760ffbb80e.npy,processed/masks/3d_affordancenet_full_shape_val_batch_v3/3danet_full_a4f42cb53d61e0191e957b760ffbb80e_press_push.npy,processed/masks/3d_affordancenet_full_shape_val_batch_v3/3danet_full_a4f42cb53d61e0191e957b760ffbb80e_press_push.npy,processed/vlm_semantic_part/renders/3danet_full_a4f42cb53d61e0191e957b760ffbb80e_press_push
v3_review_000157,3danet_full_635281d4766ad8fc53b254e00c99d974_pick_up,Door,pick_up,gripper,empty_review_required,executor_infeasible_empty_label,confirm_empty,true,false,no_graspable_region,"This object-task pair is kept, but this executor channel is marked infeasible by source metadata. Reviewer should confirm the empty label unless a valid affordance region is visible.",processed/points/3d_affordancenet_full_shape_val_batch_v3/3danet_full_635281d4766ad8fc53b254e00c99d974.npy,processed/masks/3d_affordancenet_full_shape_val_batch_v3/3danet_full_635281d4766ad8fc53b254e00c99d974_pick_up.npy,processed/masks/3d_affordancenet_full_shape_val_batch_v3/3danet_full_635281d4766ad8fc53b254e00c99d974_pick_up.npy,processed/vlm_semantic_part/renders/3danet_full_635281d4766ad8fc53b254e00c99d974_pick_up
v3_review_000158,3danet_full_635281d4766ad8fc53b254e00c99d974_pick_up,Door,pick_up,suction,empty_review_required,executor_infeasible_empty_label,confirm_empty,true,false,no_flat_suction_surface,"This object-task pair is kept, but this executor channel is marked infeasible by source metadata. Reviewer should confirm the empty label unless a valid affordance region is visible.",processed/points/3d_affordancenet_full_shape_val_batch_v3/3danet_full_635281d4766ad8fc53b254e00c99d974.npy,processed/masks/3d_affordancenet_full_shape_val_batch_v3/3danet_full_635281d4766ad8fc53b254e00c99d974_pick_up.npy,processed/masks/3d_affordancenet_full_shape_val_batch_v3/3danet_full_635281d4766ad8fc53b254e00c99d974_pick_up.npy,processed/vlm_semantic_part/renders/3danet_full_635281d4766ad8fc53b254e00c99d974_pick_up
v3_review_000159,3danet_full_635281d4766ad8fc53b254e00c99d974_pick_up,Door,pick_up,hook,empty_review_required,executor_infeasible_empty_label,confirm_empty,true,false,no_hookable_structure,"This object-task pair is kept, but this executor channel is marked infeasible by source metadata. Reviewer should confirm the empty label unless a valid affordance region is visible.",processed/points/3d_affordancenet_full_shape_val_batch_v3/3danet_full_635281d4766ad8fc53b254e00c99d974.npy,processed/masks/3d_affordancenet_full_shape_val_batch_v3/3danet_full_635281d4766ad8fc53b254e00c99d974_pick_up.npy,processed/masks/3d_affordancenet_full_shape_val_batch_v3/3danet_full_635281d4766ad8fc53b254e00c99d974_pick_up.npy,processed/vlm_semantic_part/renders/3danet_full_635281d4766ad8fc53b254e00c99d974_pick_up
v3_review_000160,3danet_full_635281d4766ad8fc53b254e00c99d974_pick_up,Door,pick_up,dexterous_hand,empty_review_required,executor_infeasible_empty_label,confirm_empty,true,false,ordinary_surface_without_operation_meaning,"This object-task pair is kept, but this executor channel is marked infeasible by source metadata. Reviewer should confirm the empty label unless a valid affordance region is visible.",processed/points/3d_affordancenet_full_shape_val_batch_v3/3danet_full_635281d4766ad8fc53b254e00c99d974.npy,processed/masks/3d_affordancenet_full_shape_val_batch_v3/3danet_full_635281d4766ad8fc53b254e00c99d974_pick_up.npy,processed/masks/3d_affordancenet_full_shape_val_batch_v3/3danet_full_635281d4766ad8fc53b254e00c99d974_pick_up.npy,processed/vlm_semantic_part/renders/3danet_full_635281d4766ad8fc53b254e00c99d974_pick_up
v3_review_000161,3danet_full_635281d4766ad8fc53b254e00c99d974_open_pull,Door,open_pull,gripper,empty_review_required,executor_infeasible_empty_label,confirm_empty,true,false,no_graspable_region,"This object-task pair is kept, but this executor channel is marked infeasible by source metadata. Reviewer should confirm the empty label unless a valid affordance region is visible.",processed/points/3d_affordancenet_full_shape_val_batch_v3/3danet_full_635281d4766ad8fc53b254e00c99d974.npy,processed/masks/3d_affordancenet_full_shape_val_batch_v3/3danet_full_635281d4766ad8fc53b254e00c99d974_open_pull.npy,processed/masks/3d_affordancenet_full_shape_val_batch_v3/3danet_full_635281d4766ad8fc53b254e00c99d974_open_pull.npy,processed/vlm_semantic_part/renders/3danet_full_635281d4766ad8fc53b254e00c99d974_open_pull
v3_review_000162,3danet_full_635281d4766ad8fc53b254e00c99d974_open_pull,Door,open_pull,suction,review,large_scale_review,point_refine,true,true,,Large-scale first-pass human review queue; candidate generation should propose top-k regions and reviewers finalize the mask.,processed/points/3d_affordancenet_full_shape_val_batch_v3/3danet_full_635281d4766ad8fc53b254e00c99d974.npy,processed/masks/3d_affordancenet_full_shape_val_batch_v3/3danet_full_635281d4766ad8fc53b254e00c99d974_open_pull.npy,processed/masks/3d_affordancenet_full_shape_val_batch_v3/3danet_full_635281d4766ad8fc53b254e00c99d974_open_pull.npy,processed/vlm_semantic_part/renders/3danet_full_635281d4766ad8fc53b254e00c99d974_open_pull
v3_review_000163,3danet_full_635281d4766ad8fc53b254e00c99d974_open_pull,Door,open_pull,hook,empty_review_required,executor_infeasible_empty_label,confirm_empty,true,false,no_hookable_structure,"This object-task pair is kept, but this executor channel is marked infeasible by source metadata. Reviewer should confirm the empty label unless a valid affordance region is visible.",processed/points/3d_affordancenet_full_shape_val_batch_v3/3danet_full_635281d4766ad8fc53b254e00c99d974.npy,processed/masks/3d_affordancenet_full_shape_val_batch_v3/3danet_full_635281d4766ad8fc53b254e00c99d974_open_pull.npy,processed/masks/3d_affordancenet_full_shape_val_batch_v3/3danet_full_635281d4766ad8fc53b254e00c99d974_open_pull.npy,processed/vlm_semantic_part/renders/3danet_full_635281d4766ad8fc53b254e00c99d974_open_pull
v3_review_000164,3danet_full_635281d4766ad8fc53b254e00c99d974_open_pull,Door,open_pull,dexterous_hand,empty_review_required,executor_infeasible_empty_label,confirm_empty,true,false,ordinary_surface_without_operation_meaning,"This object-task pair is kept, but this executor channel is marked infeasible by source metadata. Reviewer should confirm the empty label unless a valid affordance region is visible.",processed/points/3d_affordancenet_full_shape_val_batch_v3/3danet_full_635281d4766ad8fc53b254e00c99d974.npy,processed/masks/3d_affordancenet_full_shape_val_batch_v3/3danet_full_635281d4766ad8fc53b254e00c99d974_open_pull.npy,processed/masks/3d_affordancenet_full_shape_val_batch_v3/3danet_full_635281d4766ad8fc53b254e00c99d974_open_pull.npy,processed/vlm_semantic_part/renders/3danet_full_635281d4766ad8fc53b254e00c99d974_open_pull
v3_review_000165,3danet_full_635281d4766ad8fc53b254e00c99d974_press_push,Door,press_push,gripper,empty_review_required,executor_infeasible_empty_label,confirm_empty,true,false,no_graspable_region,"This object-task pair is kept, but this executor channel is marked infeasible by source metadata. Reviewer should confirm the empty label unless a valid affordance region is visible.",processed/points/3d_affordancenet_full_shape_val_batch_v3/3danet_full_635281d4766ad8fc53b254e00c99d974.npy,processed/masks/3d_affordancenet_full_shape_val_batch_v3/3danet_full_635281d4766ad8fc53b254e00c99d974_press_push.npy,processed/masks/3d_affordancenet_full_shape_val_batch_v3/3danet_full_635281d4766ad8fc53b254e00c99d974_press_push.npy,processed/vlm_semantic_part/renders/3danet_full_635281d4766ad8fc53b254e00c99d974_press_push
v3_review_000166,3danet_full_635281d4766ad8fc53b254e00c99d974_press_push,Door,press_push,suction,review,large_scale_review,point_refine,true,true,,Large-scale first-pass human review queue; candidate generation should propose top-k regions and reviewers finalize the mask.,processed/points/3d_affordancenet_full_shape_val_batch_v3/3danet_full_635281d4766ad8fc53b254e00c99d974.npy,processed/masks/3d_affordancenet_full_shape_val_batch_v3/3danet_full_635281d4766ad8fc53b254e00c99d974_press_push.npy,processed/masks/3d_affordancenet_full_shape_val_batch_v3/3danet_full_635281d4766ad8fc53b254e00c99d974_press_push.npy,processed/vlm_semantic_part/renders/3danet_full_635281d4766ad8fc53b254e00c99d974_press_push
v3_review_000167,3danet_full_635281d4766ad8fc53b254e00c99d974_press_push,Door,press_push,hook,empty_review_required,executor_infeasible_empty_label,confirm_empty,true,false,no_hookable_structure,"This object-task pair is kept, but this executor channel is marked infeasible by source metadata. Reviewer should confirm the empty label unless a valid affordance region is visible.",processed/points/3d_affordancenet_full_shape_val_batch_v3/3danet_full_635281d4766ad8fc53b254e00c99d974.npy,processed/masks/3d_affordancenet_full_shape_val_batch_v3/3danet_full_635281d4766ad8fc53b254e00c99d974_press_push.npy,processed/masks/3d_affordancenet_full_shape_val_batch_v3/3danet_full_635281d4766ad8fc53b254e00c99d974_press_push.npy,processed/vlm_semantic_part/renders/3danet_full_635281d4766ad8fc53b254e00c99d974_press_push
v3_review_000168,3danet_full_635281d4766ad8fc53b254e00c99d974_press_push,Door,press_push,dexterous_hand,empty_review_required,executor_infeasible_empty_label,confirm_empty,true,false,ordinary_surface_without_operation_meaning,"This object-task pair is kept, but this executor channel is marked infeasible by source metadata. Reviewer should confirm the empty label unless a valid affordance region is visible.",processed/points/3d_affordancenet_full_shape_val_batch_v3/3danet_full_635281d4766ad8fc53b254e00c99d974.npy,processed/masks/3d_affordancenet_full_shape_val_batch_v3/3danet_full_635281d4766ad8fc53b254e00c99d974_press_push.npy,processed/masks/3d_affordancenet_full_shape_val_batch_v3/3danet_full_635281d4766ad8fc53b254e00c99d974_press_push.npy,processed/vlm_semantic_part/renders/3danet_full_635281d4766ad8fc53b254e00c99d974_press_push
v3_review_000169,3danet_full_527fae2a966164a522314ff2dd7f9f82_pick_up,Door,pick_up,gripper,empty_review_required,executor_infeasible_empty_label,confirm_empty,true,false,no_graspable_region,"This object-task pair is kept, but this executor channel is marked infeasible by source metadata. Reviewer should confirm the empty label unless a valid affordance region is visible.",processed/points/3d_affordancenet_full_shape_val_batch_v3/3danet_full_527fae2a966164a522314ff2dd7f9f82.npy,processed/masks/3d_affordancenet_full_shape_val_batch_v3/3danet_full_527fae2a966164a522314ff2dd7f9f82_pick_up.npy,processed/masks/3d_affordancenet_full_shape_val_batch_v3/3danet_full_527fae2a966164a522314ff2dd7f9f82_pick_up.npy,processed/vlm_semantic_part/renders/3danet_full_527fae2a966164a522314ff2dd7f9f82_pick_up
v3_review_000170,3danet_full_527fae2a966164a522314ff2dd7f9f82_pick_up,Door,pick_up,suction,empty_review_required,executor_infeasible_empty_label,confirm_empty,true,false,no_flat_suction_surface,"This object-task pair is kept, but this executor channel is marked infeasible by source metadata. Reviewer should confirm the empty label unless a valid affordance region is visible.",processed/points/3d_affordancenet_full_shape_val_batch_v3/3danet_full_527fae2a966164a522314ff2dd7f9f82.npy,processed/masks/3d_affordancenet_full_shape_val_batch_v3/3danet_full_527fae2a966164a522314ff2dd7f9f82_pick_up.npy,processed/masks/3d_affordancenet_full_shape_val_batch_v3/3danet_full_527fae2a966164a522314ff2dd7f9f82_pick_up.npy,processed/vlm_semantic_part/renders/3danet_full_527fae2a966164a522314ff2dd7f9f82_pick_up
v3_review_000171,3danet_full_527fae2a966164a522314ff2dd7f9f82_pick_up,Door,pick_up,hook,empty_review_required,executor_infeasible_empty_label,confirm_empty,true,false,no_hookable_structure,"This object-task pair is kept, but this executor channel is marked infeasible by source metadata. Reviewer should confirm the empty label unless a valid affordance region is visible.",processed/points/3d_affordancenet_full_shape_val_batch_v3/3danet_full_527fae2a966164a522314ff2dd7f9f82.npy,processed/masks/3d_affordancenet_full_shape_val_batch_v3/3danet_full_527fae2a966164a522314ff2dd7f9f82_pick_up.npy,processed/masks/3d_affordancenet_full_shape_val_batch_v3/3danet_full_527fae2a966164a522314ff2dd7f9f82_pick_up.npy,processed/vlm_semantic_part/renders/3danet_full_527fae2a966164a522314ff2dd7f9f82_pick_up
v3_review_000172,3danet_full_527fae2a966164a522314ff2dd7f9f82_pick_up,Door,pick_up,dexterous_hand,empty_review_required,executor_infeasible_empty_label,confirm_empty,true,false,ordinary_surface_without_operation_meaning,"This object-task pair is kept, but this executor channel is marked infeasible by source metadata. Reviewer should confirm the empty label unless a valid affordance region is visible.",processed/points/3d_affordancenet_full_shape_val_batch_v3/3danet_full_527fae2a966164a522314ff2dd7f9f82.npy,processed/masks/3d_affordancenet_full_shape_val_batch_v3/3danet_full_527fae2a966164a522314ff2dd7f9f82_pick_up.npy,processed/masks/3d_affordancenet_full_shape_val_batch_v3/3danet_full_527fae2a966164a522314ff2dd7f9f82_pick_up.npy,processed/vlm_semantic_part/renders/3danet_full_527fae2a966164a522314ff2dd7f9f82_pick_up
v3_review_000173,3danet_full_527fae2a966164a522314ff2dd7f9f82_open_pull,Door,open_pull,gripper,empty_review_required,executor_infeasible_empty_label,confirm_empty,true,false,no_graspable_region,"This object-task pair is kept, but this executor channel is marked infeasible by source metadata. Reviewer should confirm the empty label unless a valid affordance region is visible.",processed/points/3d_affordancenet_full_shape_val_batch_v3/3danet_full_527fae2a966164a522314ff2dd7f9f82.npy,processed/masks/3d_affordancenet_full_shape_val_batch_v3/3danet_full_527fae2a966164a522314ff2dd7f9f82_open_pull.npy,processed/masks/3d_affordancenet_full_shape_val_batch_v3/3danet_full_527fae2a966164a522314ff2dd7f9f82_open_pull.npy,processed/vlm_semantic_part/renders/3danet_full_527fae2a966164a522314ff2dd7f9f82_open_pull
v3_review_000174,3danet_full_527fae2a966164a522314ff2dd7f9f82_open_pull,Door,open_pull,suction,review,large_scale_review,point_refine,true,true,,Large-scale first-pass human review queue; candidate generation should propose top-k regions and reviewers finalize the mask.,processed/points/3d_affordancenet_full_shape_val_batch_v3/3danet_full_527fae2a966164a522314ff2dd7f9f82.npy,processed/masks/3d_affordancenet_full_shape_val_batch_v3/3danet_full_527fae2a966164a522314ff2dd7f9f82_open_pull.npy,processed/masks/3d_affordancenet_full_shape_val_batch_v3/3danet_full_527fae2a966164a522314ff2dd7f9f82_open_pull.npy,processed/vlm_semantic_part/renders/3danet_full_527fae2a966164a522314ff2dd7f9f82_open_pull
v3_review_000175,3danet_full_527fae2a966164a522314ff2dd7f9f82_open_pull,Door,open_pull,hook,empty_review_required,executor_infeasible_empty_label,confirm_empty,true,false,no_hookable_structure,"This object-task pair is kept, but this executor channel is marked infeasible by source metadata. Reviewer should confirm the empty label unless a valid affordance region is visible.",processed/points/3d_affordancenet_full_shape_val_batch_v3/3danet_full_527fae2a966164a522314ff2dd7f9f82.npy,processed/masks/3d_affordancenet_full_shape_val_batch_v3/3danet_full_527fae2a966164a522314ff2dd7f9f82_open_pull.npy,processed/masks/3d_affordancenet_full_shape_val_batch_v3/3danet_full_527fae2a966164a522314ff2dd7f9f82_open_pull.npy,processed/vlm_semantic_part/renders/3danet_full_527fae2a966164a522314ff2dd7f9f82_open_pull
v3_review_000176,3danet_full_527fae2a966164a522314ff2dd7f9f82_open_pull,Door,open_pull,dexterous_hand,empty_review_required,executor_infeasible_empty_label,confirm_empty,true,false,ordinary_surface_without_operation_meaning,"This object-task pair is kept, but this executor channel is marked infeasible by source metadata. Reviewer should confirm the empty label unless a valid affordance region is visible.",processed/points/3d_affordancenet_full_shape_val_batch_v3/3danet_full_527fae2a966164a522314ff2dd7f9f82.npy,processed/masks/3d_affordancenet_full_shape_val_batch_v3/3danet_full_527fae2a966164a522314ff2dd7f9f82_open_pull.npy,processed/masks/3d_affordancenet_full_shape_val_batch_v3/3danet_full_527fae2a966164a522314ff2dd7f9f82_open_pull.npy,processed/vlm_semantic_part/renders/3danet_full_527fae2a966164a522314ff2dd7f9f82_open_pull
v3_review_000177,3danet_full_527fae2a966164a522314ff2dd7f9f82_press_push,Door,press_push,gripper,empty_review_required,executor_infeasible_empty_label,confirm_empty,true,false,no_graspable_region,"This object-task pair is kept, but this executor channel is marked infeasible by source metadata. Reviewer should confirm the empty label unless a valid affordance region is visible.",processed/points/3d_affordancenet_full_shape_val_batch_v3/3danet_full_527fae2a966164a522314ff2dd7f9f82.npy,processed/masks/3d_affordancenet_full_shape_val_batch_v3/3danet_full_527fae2a966164a522314ff2dd7f9f82_press_push.npy,processed/masks/3d_affordancenet_full_shape_val_batch_v3/3danet_full_527fae2a966164a522314ff2dd7f9f82_press_push.npy,processed/vlm_semantic_part/renders/3danet_full_527fae2a966164a522314ff2dd7f9f82_press_push
v3_review_000178,3danet_full_527fae2a966164a522314ff2dd7f9f82_press_push,Door,press_push,suction,review,large_scale_review,point_refine,true,true,,Large-scale first-pass human review queue; candidate generation should propose top-k regions and reviewers finalize the mask.,processed/points/3d_affordancenet_full_shape_val_batch_v3/3danet_full_527fae2a966164a522314ff2dd7f9f82.npy,processed/masks/3d_affordancenet_full_shape_val_batch_v3/3danet_full_527fae2a966164a522314ff2dd7f9f82_press_push.npy,processed/masks/3d_affordancenet_full_shape_val_batch_v3/3danet_full_527fae2a966164a522314ff2dd7f9f82_press_push.npy,processed/vlm_semantic_part/renders/3danet_full_527fae2a966164a522314ff2dd7f9f82_press_push
v3_review_000179,3danet_full_527fae2a966164a522314ff2dd7f9f82_press_push,Door,press_push,hook,empty_review_required,executor_infeasible_empty_label,confirm_empty,true,false,no_hookable_structure,"This object-task pair is kept, but this executor channel is marked infeasible by source metadata. Reviewer should confirm the empty label unless a valid affordance region is visible.",processed/points/3d_affordancenet_full_shape_val_batch_v3/3danet_full_527fae2a966164a522314ff2dd7f9f82.npy,processed/masks/3d_affordancenet_full_shape_val_batch_v3/3danet_full_527fae2a966164a522314ff2dd7f9f82_press_push.npy,processed/masks/3d_affordancenet_full_shape_val_batch_v3/3danet_full_527fae2a966164a522314ff2dd7f9f82_press_push.npy,processed/vlm_semantic_part/renders/3danet_full_527fae2a966164a522314ff2dd7f9f82_press_push
v3_review_000180,3danet_full_527fae2a966164a522314ff2dd7f9f82_press_push,Door,press_push,dexterous_hand,empty_review_required,executor_infeasible_empty_label,confirm_empty,true,false,ordinary_surface_without_operation_meaning,"This object-task pair is kept, but this executor channel is marked infeasible by source metadata. Reviewer should confirm the empty label unless a valid affordance region is visible.",processed/points/3d_affordancenet_full_shape_val_batch_v3/3danet_full_527fae2a966164a522314ff2dd7f9f82.npy,processed/masks/3d_affordancenet_full_shape_val_batch_v3/3danet_full_527fae2a966164a522314ff2dd7f9f82_press_push.npy,processed/masks/3d_affordancenet_full_shape_val_batch_v3/3danet_full_527fae2a966164a522314ff2dd7f9f82_press_push.npy,processed/vlm_semantic_part/renders/3danet_full_527fae2a966164a522314ff2dd7f9f82_press_push
v3_review_000181,3danet_full_3c4f29eefc2f0ec4cbe61fea760fdd82_pick_up,Door,pick_up,gripper,empty_review_required,executor_infeasible_empty_label,confirm_empty,true,false,no_graspable_region,"This object-task pair is kept, but this executor channel is marked infeasible by source metadata. Reviewer should confirm the empty label unless a valid affordance region is visible.",processed/points/3d_affordancenet_full_shape_val_batch_v3/3danet_full_3c4f29eefc2f0ec4cbe61fea760fdd82.npy,processed/masks/3d_affordancenet_full_shape_val_batch_v3/3danet_full_3c4f29eefc2f0ec4cbe61fea760fdd82_pick_up.npy,processed/masks/3d_affordancenet_full_shape_val_batch_v3/3danet_full_3c4f29eefc2f0ec4cbe61fea760fdd82_pick_up.npy,processed/vlm_semantic_part/renders/3danet_full_3c4f29eefc2f0ec4cbe61fea760fdd82_pick_up
v3_review_000182,3danet_full_3c4f29eefc2f0ec4cbe61fea760fdd82_pick_up,Door,pick_up,suction,empty_review_required,executor_infeasible_empty_label,confirm_empty,true,false,no_flat_suction_surface,"This object-task pair is kept, but this executor channel is marked infeasible by source metadata. Reviewer should confirm the empty label unless a valid affordance region is visible.",processed/points/3d_affordancenet_full_shape_val_batch_v3/3danet_full_3c4f29eefc2f0ec4cbe61fea760fdd82.npy,processed/masks/3d_affordancenet_full_shape_val_batch_v3/3danet_full_3c4f29eefc2f0ec4cbe61fea760fdd82_pick_up.npy,processed/masks/3d_affordancenet_full_shape_val_batch_v3/3danet_full_3c4f29eefc2f0ec4cbe61fea760fdd82_pick_up.npy,processed/vlm_semantic_part/renders/3danet_full_3c4f29eefc2f0ec4cbe61fea760fdd82_pick_up
v3_review_000183,3danet_full_3c4f29eefc2f0ec4cbe61fea760fdd82_pick_up,Door,pick_up,hook,empty_review_required,executor_infeasible_empty_label,confirm_empty,true,false,no_hookable_structure,"This object-task pair is kept, but this executor channel is marked infeasible by source metadata. Reviewer should confirm the empty label unless a valid affordance region is visible.",processed/points/3d_affordancenet_full_shape_val_batch_v3/3danet_full_3c4f29eefc2f0ec4cbe61fea760fdd82.npy,processed/masks/3d_affordancenet_full_shape_val_batch_v3/3danet_full_3c4f29eefc2f0ec4cbe61fea760fdd82_pick_up.npy,processed/masks/3d_affordancenet_full_shape_val_batch_v3/3danet_full_3c4f29eefc2f0ec4cbe61fea760fdd82_pick_up.npy,processed/vlm_semantic_part/renders/3danet_full_3c4f29eefc2f0ec4cbe61fea760fdd82_pick_up
v3_review_000184,3danet_full_3c4f29eefc2f0ec4cbe61fea760fdd82_pick_up,Door,pick_up,dexterous_hand,empty_review_required,executor_infeasible_empty_label,confirm_empty,true,false,ordinary_surface_without_operation_meaning,"This object-task pair is kept, but this executor channel is marked infeasible by source metadata. Reviewer should confirm the empty label unless a valid affordance region is visible.",processed/points/3d_affordancenet_full_shape_val_batch_v3/3danet_full_3c4f29eefc2f0ec4cbe61fea760fdd82.npy,processed/masks/3d_affordancenet_full_shape_val_batch_v3/3danet_full_3c4f29eefc2f0ec4cbe61fea760fdd82_pick_up.npy,processed/masks/3d_affordancenet_full_shape_val_batch_v3/3danet_full_3c4f29eefc2f0ec4cbe61fea760fdd82_pick_up.npy,processed/vlm_semantic_part/renders/3danet_full_3c4f29eefc2f0ec4cbe61fea760fdd82_pick_up
v3_review_000185,3danet_full_3c4f29eefc2f0ec4cbe61fea760fdd82_open_pull,Door,open_pull,gripper,empty_review_required,executor_infeasible_empty_label,confirm_empty,true,false,no_graspable_region,"This object-task pair is kept, but this executor channel is marked infeasible by source metadata. Reviewer should confirm the empty label unless a valid affordance region is visible.",processed/points/3d_affordancenet_full_shape_val_batch_v3/3danet_full_3c4f29eefc2f0ec4cbe61fea760fdd82.npy,processed/masks/3d_affordancenet_full_shape_val_batch_v3/3danet_full_3c4f29eefc2f0ec4cbe61fea760fdd82_open_pull.npy,processed/masks/3d_affordancenet_full_shape_val_batch_v3/3danet_full_3c4f29eefc2f0ec4cbe61fea760fdd82_open_pull.npy,processed/vlm_semantic_part/renders/3danet_full_3c4f29eefc2f0ec4cbe61fea760fdd82_open_pull
v3_review_000186,3danet_full_3c4f29eefc2f0ec4cbe61fea760fdd82_open_pull,Door,open_pull,suction,review,large_scale_review,point_refine,true,true,,Large-scale first-pass human review queue; candidate generation should propose top-k regions and reviewers finalize the mask.,processed/points/3d_affordancenet_full_shape_val_batch_v3/3danet_full_3c4f29eefc2f0ec4cbe61fea760fdd82.npy,processed/masks/3d_affordancenet_full_shape_val_batch_v3/3danet_full_3c4f29eefc2f0ec4cbe61fea760fdd82_open_pull.npy,processed/masks/3d_affordancenet_full_shape_val_batch_v3/3danet_full_3c4f29eefc2f0ec4cbe61fea760fdd82_open_pull.npy,processed/vlm_semantic_part/renders/3danet_full_3c4f29eefc2f0ec4cbe61fea760fdd82_open_pull
v3_review_000187,3danet_full_3c4f29eefc2f0ec4cbe61fea760fdd82_open_pull,Door,open_pull,hook,empty_review_required,executor_infeasible_empty_label,confirm_empty,true,false,no_hookable_structure,"This object-task pair is kept, but this executor channel is marked infeasible by source metadata. Reviewer should confirm the empty label unless a valid affordance region is visible.",processed/points/3d_affordancenet_full_shape_val_batch_v3/3danet_full_3c4f29eefc2f0ec4cbe61fea760fdd82.npy,processed/masks/3d_affordancenet_full_shape_val_batch_v3/3danet_full_3c4f29eefc2f0ec4cbe61fea760fdd82_open_pull.npy,processed/masks/3d_affordancenet_full_shape_val_batch_v3/3danet_full_3c4f29eefc2f0ec4cbe61fea760fdd82_open_pull.npy,processed/vlm_semantic_part/renders/3danet_full_3c4f29eefc2f0ec4cbe61fea760fdd82_open_pull
v3_review_000188,3danet_full_3c4f29eefc2f0ec4cbe61fea760fdd82_open_pull,Door,open_pull,dexterous_hand,empty_review_required,executor_infeasible_empty_label,confirm_empty,true,false,ordinary_surface_without_operation_meaning,"This object-task pair is kept, but this executor channel is marked infeasible by source metadata. Reviewer should confirm the empty label unless a valid affordance region is visible.",processed/points/3d_affordancenet_full_shape_val_batch_v3/3danet_full_3c4f29eefc2f0ec4cbe61fea760fdd82.npy,processed/masks/3d_affordancenet_full_shape_val_batch_v3/3danet_full_3c4f29eefc2f0ec4cbe61fea760fdd82_open_pull.npy,processed/masks/3d_affordancenet_full_shape_val_batch_v3/3danet_full_3c4f29eefc2f0ec4cbe61fea760fdd82_open_pull.npy,processed/vlm_semantic_part/renders/3danet_full_3c4f29eefc2f0ec4cbe61fea760fdd82_open_pull
v3_review_000189,3danet_full_3c4f29eefc2f0ec4cbe61fea760fdd82_press_push,Door,press_push,gripper,empty_review_required,executor_infeasible_empty_label,confirm_empty,true,false,no_graspable_region,"This object-task pair is kept, but this executor channel is marked infeasible by source metadata. Reviewer should confirm the empty label unless a valid affordance region is visible.",processed/points/3d_affordancenet_full_shape_val_batch_v3/3danet_full_3c4f29eefc2f0ec4cbe61fea760fdd82.npy,processed/masks/3d_affordancenet_full_shape_val_batch_v3/3danet_full_3c4f29eefc2f0ec4cbe61fea760fdd82_press_push.npy,processed/masks/3d_affordancenet_full_shape_val_batch_v3/3danet_full_3c4f29eefc2f0ec4cbe61fea760fdd82_press_push.npy,processed/vlm_semantic_part/renders/3danet_full_3c4f29eefc2f0ec4cbe61fea760fdd82_press_push
v3_review_000190,3danet_full_3c4f29eefc2f0ec4cbe61fea760fdd82_press_push,Door,press_push,suction,review,large_scale_review,point_refine,true,true,,Large-scale first-pass human review queue; candidate generation should propose top-k regions and reviewers finalize the mask.,processed/points/3d_affordancenet_full_shape_val_batch_v3/3danet_full_3c4f29eefc2f0ec4cbe61fea760fdd82.npy,processed/masks/3d_affordancenet_full_shape_val_batch_v3/3danet_full_3c4f29eefc2f0ec4cbe61fea760fdd82_press_push.npy,processed/masks/3d_affordancenet_full_shape_val_batch_v3/3danet_full_3c4f29eefc2f0ec4cbe61fea760fdd82_press_push.npy,processed/vlm_semantic_part/renders/3danet_full_3c4f29eefc2f0ec4cbe61fea760fdd82_press_push
v3_review_000191,3danet_full_3c4f29eefc2f0ec4cbe61fea760fdd82_press_push,Door,press_push,hook,empty_review_required,executor_infeasible_empty_label,confirm_empty,true,false,no_hookable_structure,"This object-task pair is kept, but this executor channel is marked infeasible by source metadata. Reviewer should confirm the empty label unless a valid affordance region is visible.",processed/points/3d_affordancenet_full_shape_val_batch_v3/3danet_full_3c4f29eefc2f0ec4cbe61fea760fdd82.npy,processed/masks/3d_affordancenet_full_shape_val_batch_v3/3danet_full_3c4f29eefc2f0ec4cbe61fea760fdd82_press_push.npy,processed/masks/3d_affordancenet_full_shape_val_batch_v3/3danet_full_3c4f29eefc2f0ec4cbe61fea760fdd82_press_push.npy,processed/vlm_semantic_part/renders/3danet_full_3c4f29eefc2f0ec4cbe61fea760fdd82_press_push
v3_review_000192,3danet_full_3c4f29eefc2f0ec4cbe61fea760fdd82_press_push,Door,press_push,dexterous_hand,empty_review_required,executor_infeasible_empty_label,confirm_empty,true,false,ordinary_surface_without_operation_meaning,"This object-task pair is kept, but this executor channel is marked infeasible by source metadata. Reviewer should confirm the empty label unless a valid affordance region is visible.",processed/points/3d_affordancenet_full_shape_val_batch_v3/3danet_full_3c4f29eefc2f0ec4cbe61fea760fdd82.npy,processed/masks/3d_affordancenet_full_shape_val_batch_v3/3danet_full_3c4f29eefc2f0ec4cbe61fea760fdd82_press_push.npy,processed/masks/3d_affordancenet_full_shape_val_batch_v3/3danet_full_3c4f29eefc2f0ec4cbe61fea760fdd82_press_push.npy,processed/vlm_semantic_part/renders/3danet_full_3c4f29eefc2f0ec4cbe61fea760fdd82_press_push
v3_review_000193,3danet_full_f8bc242792ecc571de34f904d1d73236_pick_up,Door,pick_up,gripper,empty_review_required,executor_infeasible_empty_label,confirm_empty,true,false,no_graspable_region,"This object-task pair is kept, but this executor channel is marked infeasible by source metadata. Reviewer should confirm the empty label unless a valid affordance region is visible.",processed/points/3d_affordancenet_full_shape_val_batch_v3/3danet_full_f8bc242792ecc571de34f904d1d73236.npy,processed/masks/3d_affordancenet_full_shape_val_batch_v3/3danet_full_f8bc242792ecc571de34f904d1d73236_pick_up.npy,processed/masks/3d_affordancenet_full_shape_val_batch_v3/3danet_full_f8bc242792ecc571de34f904d1d73236_pick_up.npy,processed/vlm_semantic_part/renders/3danet_full_f8bc242792ecc571de34f904d1d73236_pick_up
v3_review_000194,3danet_full_f8bc242792ecc571de34f904d1d73236_pick_up,Door,pick_up,suction,empty_review_required,executor_infeasible_empty_label,confirm_empty,true,false,no_flat_suction_surface,"This object-task pair is kept, but this executor channel is marked infeasible by source metadata. Reviewer should confirm the empty label unless a valid affordance region is visible.",processed/points/3d_affordancenet_full_shape_val_batch_v3/3danet_full_f8bc242792ecc571de34f904d1d73236.npy,processed/masks/3d_affordancenet_full_shape_val_batch_v3/3danet_full_f8bc242792ecc571de34f904d1d73236_pick_up.npy,processed/masks/3d_affordancenet_full_shape_val_batch_v3/3danet_full_f8bc242792ecc571de34f904d1d73236_pick_up.npy,processed/vlm_semantic_part/renders/3danet_full_f8bc242792ecc571de34f904d1d73236_pick_up
v3_review_000195,3danet_full_f8bc242792ecc571de34f904d1d73236_pick_up,Door,pick_up,hook,empty_review_required,executor_infeasible_empty_label,confirm_empty,true,false,no_hookable_structure,"This object-task pair is kept, but this executor channel is marked infeasible by source metadata. Reviewer should confirm the empty label unless a valid affordance region is visible.",processed/points/3d_affordancenet_full_shape_val_batch_v3/3danet_full_f8bc242792ecc571de34f904d1d73236.npy,processed/masks/3d_affordancenet_full_shape_val_batch_v3/3danet_full_f8bc242792ecc571de34f904d1d73236_pick_up.npy,processed/masks/3d_affordancenet_full_shape_val_batch_v3/3danet_full_f8bc242792ecc571de34f904d1d73236_pick_up.npy,processed/vlm_semantic_part/renders/3danet_full_f8bc242792ecc571de34f904d1d73236_pick_up
v3_review_000196,3danet_full_f8bc242792ecc571de34f904d1d73236_pick_up,Door,pick_up,dexterous_hand,empty_review_required,executor_infeasible_empty_label,confirm_empty,true,false,ordinary_surface_without_operation_meaning,"This object-task pair is kept, but this executor channel is marked infeasible by source metadata. Reviewer should confirm the empty label unless a valid affordance region is visible.",processed/points/3d_affordancenet_full_shape_val_batch_v3/3danet_full_f8bc242792ecc571de34f904d1d73236.npy,processed/masks/3d_affordancenet_full_shape_val_batch_v3/3danet_full_f8bc242792ecc571de34f904d1d73236_pick_up.npy,processed/masks/3d_affordancenet_full_shape_val_batch_v3/3danet_full_f8bc242792ecc571de34f904d1d73236_pick_up.npy,processed/vlm_semantic_part/renders/3danet_full_f8bc242792ecc571de34f904d1d73236_pick_up
v3_review_000197,3danet_full_f8bc242792ecc571de34f904d1d73236_open_pull,Door,open_pull,gripper,empty_review_required,executor_infeasible_empty_label,confirm_empty,true,false,no_graspable_region,"This object-task pair is kept, but this executor channel is marked infeasible by source metadata. Reviewer should confirm the empty label unless a valid affordance region is visible.",processed/points/3d_affordancenet_full_shape_val_batch_v3/3danet_full_f8bc242792ecc571de34f904d1d73236.npy,processed/masks/3d_affordancenet_full_shape_val_batch_v3/3danet_full_f8bc242792ecc571de34f904d1d73236_open_pull.npy,processed/masks/3d_affordancenet_full_shape_val_batch_v3/3danet_full_f8bc242792ecc571de34f904d1d73236_open_pull.npy,processed/vlm_semantic_part/renders/3danet_full_f8bc242792ecc571de34f904d1d73236_open_pull
v3_review_000198,3danet_full_f8bc242792ecc571de34f904d1d73236_open_pull,Door,open_pull,suction,review,large_scale_review,point_refine,true,true,,Large-scale first-pass human review queue; candidate generation should propose top-k regions and reviewers finalize the mask.,processed/points/3d_affordancenet_full_shape_val_batch_v3/3danet_full_f8bc242792ecc571de34f904d1d73236.npy,processed/masks/3d_affordancenet_full_shape_val_batch_v3/3danet_full_f8bc242792ecc571de34f904d1d73236_open_pull.npy,processed/masks/3d_affordancenet_full_shape_val_batch_v3/3danet_full_f8bc242792ecc571de34f904d1d73236_open_pull.npy,processed/vlm_semantic_part/renders/3danet_full_f8bc242792ecc571de34f904d1d73236_open_pull
v3_review_000199,3danet_full_f8bc242792ecc571de34f904d1d73236_open_pull,Door,open_pull,hook,empty_review_required,executor_infeasible_empty_label,confirm_empty,true,false,no_hookable_structure,"This object-task pair is kept, but this executor channel is marked infeasible by source metadata. Reviewer should confirm the empty label unless a valid affordance region is visible.",processed/points/3d_affordancenet_full_shape_val_batch_v3/3danet_full_f8bc242792ecc571de34f904d1d73236.npy,processed/masks/3d_affordancenet_full_shape_val_batch_v3/3danet_full_f8bc242792ecc571de34f904d1d73236_open_pull.npy,processed/masks/3d_affordancenet_full_shape_val_batch_v3/3danet_full_f8bc242792ecc571de34f904d1d73236_open_pull.npy,processed/vlm_semantic_part/renders/3danet_full_f8bc242792ecc571de34f904d1d73236_open_pull
v3_review_000200,3danet_full_f8bc242792ecc571de34f904d1d73236_open_pull,Door,open_pull,dexterous_hand,empty_review_required,executor_infeasible_empty_label,confirm_empty,true,false,ordinary_surface_without_operation_meaning,"This object-task pair is kept, but this executor channel is marked infeasible by source metadata. Reviewer should confirm the empty label unless a valid affordance region is visible.",processed/points/3d_affordancenet_full_shape_val_batch_v3/3danet_full_f8bc242792ecc571de34f904d1d73236.npy,processed/masks/3d_affordancenet_full_shape_val_batch_v3/3danet_full_f8bc242792ecc571de34f904d1d73236_open_pull.npy,processed/masks/3d_affordancenet_full_shape_val_batch_v3/3danet_full_f8bc242792ecc571de34f904d1d73236_open_pull.npy,processed/vlm_semantic_part/renders/3danet_full_f8bc242792ecc571de34f904d1d73236_open_pull
v3_review_000201,3danet_full_f8bc242792ecc571de34f904d1d73236_press_push,Door,press_push,gripper,empty_review_required,executor_infeasible_empty_label,confirm_empty,true,false,no_graspable_region,"This object-task pair is kept, but this executor channel is marked infeasible by source metadata. Reviewer should confirm the empty label unless a valid affordance region is visible.",processed/points/3d_affordancenet_full_shape_val_batch_v3/3danet_full_f8bc242792ecc571de34f904d1d73236.npy,processed/masks/3d_affordancenet_full_shape_val_batch_v3/3danet_full_f8bc242792ecc571de34f904d1d73236_press_push.npy,processed/masks/3d_affordancenet_full_shape_val_batch_v3/3danet_full_f8bc242792ecc571de34f904d1d73236_press_push.npy,processed/vlm_semantic_part/renders/3danet_full_f8bc242792ecc571de34f904d1d73236_press_push
v3_review_000202,3danet_full_f8bc242792ecc571de34f904d1d73236_press_push,Door,press_push,suction,review,large_scale_review,point_refine,true,true,,Large-scale first-pass human review queue; candidate generation should propose top-k regions and reviewers finalize the mask.,processed/points/3d_affordancenet_full_shape_val_batch_v3/3danet_full_f8bc242792ecc571de34f904d1d73236.npy,processed/masks/3d_affordancenet_full_shape_val_batch_v3/3danet_full_f8bc242792ecc571de34f904d1d73236_press_push.npy,processed/masks/3d_affordancenet_full_shape_val_batch_v3/3danet_full_f8bc242792ecc571de34f904d1d73236_press_push.npy,processed/vlm_semantic_part/renders/3danet_full_f8bc242792ecc571de34f904d1d73236_press_push
v3_review_000203,3danet_full_f8bc242792ecc571de34f904d1d73236_press_push,Door,press_push,hook,empty_review_required,executor_infeasible_empty_label,confirm_empty,true,false,no_hookable_structure,"This object-task pair is kept, but this executor channel is marked infeasible by source metadata. Reviewer should confirm the empty label unless a valid affordance region is visible.",processed/points/3d_affordancenet_full_shape_val_batch_v3/3danet_full_f8bc242792ecc571de34f904d1d73236.npy,processed/masks/3d_affordancenet_full_shape_val_batch_v3/3danet_full_f8bc242792ecc571de34f904d1d73236_press_push.npy,processed/masks/3d_affordancenet_full_shape_val_batch_v3/3danet_full_f8bc242792ecc571de34f904d1d73236_press_push.npy,processed/vlm_semantic_part/renders/3danet_full_f8bc242792ecc571de34f904d1d73236_press_push
v3_review_000204,3danet_full_f8bc242792ecc571de34f904d1d73236_press_push,Door,press_push,dexterous_hand,review,large_scale_review,point_refine,true,true,,Large-scale first-pass human review queue; candidate generation should propose top-k regions and reviewers finalize the mask.,processed/points/3d_affordancenet_full_shape_val_batch_v3/3danet_full_f8bc242792ecc571de34f904d1d73236.npy,processed/masks/3d_affordancenet_full_shape_val_batch_v3/3danet_full_f8bc242792ecc571de34f904d1d73236_press_push.npy,processed/masks/3d_affordancenet_full_shape_val_batch_v3/3danet_full_f8bc242792ecc571de34f904d1d73236_press_push.npy,processed/vlm_semantic_part/renders/3danet_full_f8bc242792ecc571de34f904d1d73236_press_push
v3_review_000205,3danet_full_46a636b801b1dd17a2c7c5886f4bbc93_pick_up,Door,pick_up,gripper,empty_review_required,executor_infeasible_empty_label,confirm_empty,true,false,no_graspable_region,"This object-task pair is kept, but this executor channel is marked infeasible by source metadata. Reviewer should confirm the empty label unless a valid affordance region is visible.",processed/points/3d_affordancenet_full_shape_val_batch_v3/3danet_full_46a636b801b1dd17a2c7c5886f4bbc93.npy,processed/masks/3d_affordancenet_full_shape_val_batch_v3/3danet_full_46a636b801b1dd17a2c7c5886f4bbc93_pick_up.npy,processed/masks/3d_affordancenet_full_shape_val_batch_v3/3danet_full_46a636b801b1dd17a2c7c5886f4bbc93_pick_up.npy,processed/vlm_semantic_part/renders/3danet_full_46a636b801b1dd17a2c7c5886f4bbc93_pick_up
v3_review_000206,3danet_full_46a636b801b1dd17a2c7c5886f4bbc93_pick_up,Door,pick_up,suction,empty_review_required,executor_infeasible_empty_label,confirm_empty,true,false,no_flat_suction_surface,"This object-task pair is kept, but this executor channel is marked infeasible by source metadata. Reviewer should confirm the empty label unless a valid affordance region is visible.",processed/points/3d_affordancenet_full_shape_val_batch_v3/3danet_full_46a636b801b1dd17a2c7c5886f4bbc93.npy,processed/masks/3d_affordancenet_full_shape_val_batch_v3/3danet_full_46a636b801b1dd17a2c7c5886f4bbc93_pick_up.npy,processed/masks/3d_affordancenet_full_shape_val_batch_v3/3danet_full_46a636b801b1dd17a2c7c5886f4bbc93_pick_up.npy,processed/vlm_semantic_part/renders/3danet_full_46a636b801b1dd17a2c7c5886f4bbc93_pick_up
v3_review_000207,3danet_full_46a636b801b1dd17a2c7c5886f4bbc93_pick_up,Door,pick_up,hook,empty_review_required,executor_infeasible_empty_label,confirm_empty,true,false,no_hookable_structure,"This object-task pair is kept, but this executor channel is marked infeasible by source metadata. Reviewer should confirm the empty label unless a valid affordance region is visible.",processed/points/3d_affordancenet_full_shape_val_batch_v3/3danet_full_46a636b801b1dd17a2c7c5886f4bbc93.npy,processed/masks/3d_affordancenet_full_shape_val_batch_v3/3danet_full_46a636b801b1dd17a2c7c5886f4bbc93_pick_up.npy,processed/masks/3d_affordancenet_full_shape_val_batch_v3/3danet_full_46a636b801b1dd17a2c7c5886f4bbc93_pick_up.npy,processed/vlm_semantic_part/renders/3danet_full_46a636b801b1dd17a2c7c5886f4bbc93_pick_up
v3_review_000208,3danet_full_46a636b801b1dd17a2c7c5886f4bbc93_pick_up,Door,pick_up,dexterous_hand,empty_review_required,executor_infeasible_empty_label,confirm_empty,true,false,ordinary_surface_without_operation_meaning,"This object-task pair is kept, but this executor channel is marked infeasible by source metadata. Reviewer should confirm the empty label unless a valid affordance region is visible.",processed/points/3d_affordancenet_full_shape_val_batch_v3/3danet_full_46a636b801b1dd17a2c7c5886f4bbc93.npy,processed/masks/3d_affordancenet_full_shape_val_batch_v3/3danet_full_46a636b801b1dd17a2c7c5886f4bbc93_pick_up.npy,processed/masks/3d_affordancenet_full_shape_val_batch_v3/3danet_full_46a636b801b1dd17a2c7c5886f4bbc93_pick_up.npy,processed/vlm_semantic_part/renders/3danet_full_46a636b801b1dd17a2c7c5886f4bbc93_pick_up
v3_review_000209,3danet_full_46a636b801b1dd17a2c7c5886f4bbc93_open_pull,Door,open_pull,gripper,review,large_scale_review,point_refine,true,true,,Large-scale first-pass human review queue; candidate generation should propose top-k regions and reviewers finalize the mask.,processed/points/3d_affordancenet_full_shape_val_batch_v3/3danet_full_46a636b801b1dd17a2c7c5886f4bbc93.npy,processed/masks/3d_affordancenet_full_shape_val_batch_v3/3danet_full_46a636b801b1dd17a2c7c5886f4bbc93_open_pull.npy,processed/masks/3d_affordancenet_full_shape_val_batch_v3/3danet_full_46a636b801b1dd17a2c7c5886f4bbc93_open_pull.npy,processed/vlm_semantic_part/renders/3danet_full_46a636b801b1dd17a2c7c5886f4bbc93_open_pull
v3_review_000210,3danet_full_46a636b801b1dd17a2c7c5886f4bbc93_open_pull,Door,open_pull,suction,review,large_scale_review,point_refine,true,true,,Large-scale first-pass human review queue; candidate generation should propose top-k regions and reviewers finalize the mask.,processed/points/3d_affordancenet_full_shape_val_batch_v3/3danet_full_46a636b801b1dd17a2c7c5886f4bbc93.npy,processed/masks/3d_affordancenet_full_shape_val_batch_v3/3danet_full_46a636b801b1dd17a2c7c5886f4bbc93_open_pull.npy,processed/masks/3d_affordancenet_full_shape_val_batch_v3/3danet_full_46a636b801b1dd17a2c7c5886f4bbc93_open_pull.npy,processed/vlm_semantic_part/renders/3danet_full_46a636b801b1dd17a2c7c5886f4bbc93_open_pull
v3_review_000211,3danet_full_46a636b801b1dd17a2c7c5886f4bbc93_open_pull,Door,open_pull,hook,review,large_scale_review,point_refine,true,true,,Large-scale first-pass human review queue; candidate generation should propose top-k regions and reviewers finalize the mask.,processed/points/3d_affordancenet_full_shape_val_batch_v3/3danet_full_46a636b801b1dd17a2c7c5886f4bbc93.npy,processed/masks/3d_affordancenet_full_shape_val_batch_v3/3danet_full_46a636b801b1dd17a2c7c5886f4bbc93_open_pull.npy,processed/masks/3d_affordancenet_full_shape_val_batch_v3/3danet_full_46a636b801b1dd17a2c7c5886f4bbc93_open_pull.npy,processed/vlm_semantic_part/renders/3danet_full_46a636b801b1dd17a2c7c5886f4bbc93_open_pull
v3_review_000212,3danet_full_46a636b801b1dd17a2c7c5886f4bbc93_open_pull,Door,open_pull,dexterous_hand,review,large_scale_review,point_refine,true,true,,Large-scale first-pass human review queue; candidate generation should propose top-k regions and reviewers finalize the mask.,processed/points/3d_affordancenet_full_shape_val_batch_v3/3danet_full_46a636b801b1dd17a2c7c5886f4bbc93.npy,processed/masks/3d_affordancenet_full_shape_val_batch_v3/3danet_full_46a636b801b1dd17a2c7c5886f4bbc93_open_pull.npy,processed/masks/3d_affordancenet_full_shape_val_batch_v3/3danet_full_46a636b801b1dd17a2c7c5886f4bbc93_open_pull.npy,processed/vlm_semantic_part/renders/3danet_full_46a636b801b1dd17a2c7c5886f4bbc93_open_pull
v3_review_000213,3danet_full_46a636b801b1dd17a2c7c5886f4bbc93_press_push,Door,press_push,gripper,empty_review_required,executor_infeasible_empty_label,confirm_empty,true,false,no_graspable_region,"This object-task pair is kept, but this executor channel is marked infeasible by source metadata. Reviewer should confirm the empty label unless a valid affordance region is visible.",processed/points/3d_affordancenet_full_shape_val_batch_v3/3danet_full_46a636b801b1dd17a2c7c5886f4bbc93.npy,processed/masks/3d_affordancenet_full_shape_val_batch_v3/3danet_full_46a636b801b1dd17a2c7c5886f4bbc93_press_push.npy,processed/masks/3d_affordancenet_full_shape_val_batch_v3/3danet_full_46a636b801b1dd17a2c7c5886f4bbc93_press_push.npy,processed/vlm_semantic_part/renders/3danet_full_46a636b801b1dd17a2c7c5886f4bbc93_press_push
v3_review_000214,3danet_full_46a636b801b1dd17a2c7c5886f4bbc93_press_push,Door,press_push,suction,review,large_scale_review,point_refine,true,true,,Large-scale first-pass human review queue; candidate generation should propose top-k regions and reviewers finalize the mask.,processed/points/3d_affordancenet_full_shape_val_batch_v3/3danet_full_46a636b801b1dd17a2c7c5886f4bbc93.npy,processed/masks/3d_affordancenet_full_shape_val_batch_v3/3danet_full_46a636b801b1dd17a2c7c5886f4bbc93_press_push.npy,processed/masks/3d_affordancenet_full_shape_val_batch_v3/3danet_full_46a636b801b1dd17a2c7c5886f4bbc93_press_push.npy,processed/vlm_semantic_part/renders/3danet_full_46a636b801b1dd17a2c7c5886f4bbc93_press_push
v3_review_000215,3danet_full_46a636b801b1dd17a2c7c5886f4bbc93_press_push,Door,press_push,hook,empty_review_required,executor_infeasible_empty_label,confirm_empty,true,false,no_hookable_structure,"This object-task pair is kept, but this executor channel is marked infeasible by source metadata. Reviewer should confirm the empty label unless a valid affordance region is visible.",processed/points/3d_affordancenet_full_shape_val_batch_v3/3danet_full_46a636b801b1dd17a2c7c5886f4bbc93.npy,processed/masks/3d_affordancenet_full_shape_val_batch_v3/3danet_full_46a636b801b1dd17a2c7c5886f4bbc93_press_push.npy,processed/masks/3d_affordancenet_full_shape_val_batch_v3/3danet_full_46a636b801b1dd17a2c7c5886f4bbc93_press_push.npy,processed/vlm_semantic_part/renders/3danet_full_46a636b801b1dd17a2c7c5886f4bbc93_press_push
v3_review_000216,3danet_full_46a636b801b1dd17a2c7c5886f4bbc93_press_push,Door,press_push,dexterous_hand,empty_review_required,executor_infeasible_empty_label,confirm_empty,true,false,ordinary_surface_without_operation_meaning,"This object-task pair is kept, but this executor channel is marked infeasible by source metadata. Reviewer should confirm the empty label unless a valid affordance region is visible.",processed/points/3d_affordancenet_full_shape_val_batch_v3/3danet_full_46a636b801b1dd17a2c7c5886f4bbc93.npy,processed/masks/3d_affordancenet_full_shape_val_batch_v3/3danet_full_46a636b801b1dd17a2c7c5886f4bbc93_press_push.npy,processed/masks/3d_affordancenet_full_shape_val_batch_v3/3danet_full_46a636b801b1dd17a2c7c5886f4bbc93_press_push.npy,processed/vlm_semantic_part/renders/3danet_full_46a636b801b1dd17a2c7c5886f4bbc93_press_push
v3_review_000217,3danet_full_592cafaa0c19ca2a2350bbd39dd26be2_pick_up,Door,pick_up,gripper,empty_review_required,executor_infeasible_empty_label,confirm_empty,true,false,no_graspable_region,"This object-task pair is kept, but this executor channel is marked infeasible by source metadata. Reviewer should confirm the empty label unless a valid affordance region is visible.",processed/points/3d_affordancenet_full_shape_val_batch_v3/3danet_full_592cafaa0c19ca2a2350bbd39dd26be2.npy,processed/masks/3d_affordancenet_full_shape_val_batch_v3/3danet_full_592cafaa0c19ca2a2350bbd39dd26be2_pick_up.npy,processed/masks/3d_affordancenet_full_shape_val_batch_v3/3danet_full_592cafaa0c19ca2a2350bbd39dd26be2_pick_up.npy,processed/vlm_semantic_part/renders/3danet_full_592cafaa0c19ca2a2350bbd39dd26be2_pick_up
v3_review_000218,3danet_full_592cafaa0c19ca2a2350bbd39dd26be2_pick_up,Door,pick_up,suction,empty_review_required,executor_infeasible_empty_label,confirm_empty,true,false,no_flat_suction_surface,"This object-task pair is kept, but this executor channel is marked infeasible by source metadata. Reviewer should confirm the empty label unless a valid affordance region is visible.",processed/points/3d_affordancenet_full_shape_val_batch_v3/3danet_full_592cafaa0c19ca2a2350bbd39dd26be2.npy,processed/masks/3d_affordancenet_full_shape_val_batch_v3/3danet_full_592cafaa0c19ca2a2350bbd39dd26be2_pick_up.npy,processed/masks/3d_affordancenet_full_shape_val_batch_v3/3danet_full_592cafaa0c19ca2a2350bbd39dd26be2_pick_up.npy,processed/vlm_semantic_part/renders/3danet_full_592cafaa0c19ca2a2350bbd39dd26be2_pick_up
v3_review_000219,3danet_full_592cafaa0c19ca2a2350bbd39dd26be2_pick_up,Door,pick_up,hook,empty_review_required,executor_infeasible_empty_label,confirm_empty,true,false,no_hookable_structure,"This object-task pair is kept, but this executor channel is marked infeasible by source metadata. Reviewer should confirm the empty label unless a valid affordance region is visible.",processed/points/3d_affordancenet_full_shape_val_batch_v3/3danet_full_592cafaa0c19ca2a2350bbd39dd26be2.npy,processed/masks/3d_affordancenet_full_shape_val_batch_v3/3danet_full_592cafaa0c19ca2a2350bbd39dd26be2_pick_up.npy,processed/masks/3d_affordancenet_full_shape_val_batch_v3/3danet_full_592cafaa0c19ca2a2350bbd39dd26be2_pick_up.npy,processed/vlm_semantic_part/renders/3danet_full_592cafaa0c19ca2a2350bbd39dd26be2_pick_up
v3_review_000220,3danet_full_592cafaa0c19ca2a2350bbd39dd26be2_pick_up,Door,pick_up,dexterous_hand,empty_review_required,executor_infeasible_empty_label,confirm_empty,true,false,ordinary_surface_without_operation_meaning,"This object-task pair is kept, but this executor channel is marked infeasible by source metadata. Reviewer should confirm the empty label unless a valid affordance region is visible.",processed/points/3d_affordancenet_full_shape_val_batch_v3/3danet_full_592cafaa0c19ca2a2350bbd39dd26be2.npy,processed/masks/3d_affordancenet_full_shape_val_batch_v3/3danet_full_592cafaa0c19ca2a2350bbd39dd26be2_pick_up.npy,processed/masks/3d_affordancenet_full_shape_val_batch_v3/3danet_full_592cafaa0c19ca2a2350bbd39dd26be2_pick_up.npy,processed/vlm_semantic_part/renders/3danet_full_592cafaa0c19ca2a2350bbd39dd26be2_pick_up
v3_review_000221,3danet_full_592cafaa0c19ca2a2350bbd39dd26be2_open_pull,Door,open_pull,gripper,review,large_scale_review,point_refine,true,true,,Large-scale first-pass human review queue; candidate generation should propose top-k regions and reviewers finalize the mask.,processed/points/3d_affordancenet_full_shape_val_batch_v3/3danet_full_592cafaa0c19ca2a2350bbd39dd26be2.npy,processed/masks/3d_affordancenet_full_shape_val_batch_v3/3danet_full_592cafaa0c19ca2a2350bbd39dd26be2_open_pull.npy,processed/masks/3d_affordancenet_full_shape_val_batch_v3/3danet_full_592cafaa0c19ca2a2350bbd39dd26be2_open_pull.npy,processed/vlm_semantic_part/renders/3danet_full_592cafaa0c19ca2a2350bbd39dd26be2_open_pull
v3_review_000222,3danet_full_592cafaa0c19ca2a2350bbd39dd26be2_open_pull,Door,open_pull,suction,review,large_scale_review,point_refine,true,true,,Large-scale first-pass human review queue; candidate generation should propose top-k regions and reviewers finalize the mask.,processed/points/3d_affordancenet_full_shape_val_batch_v3/3danet_full_592cafaa0c19ca2a2350bbd39dd26be2.npy,processed/masks/3d_affordancenet_full_shape_val_batch_v3/3danet_full_592cafaa0c19ca2a2350bbd39dd26be2_open_pull.npy,processed/masks/3d_affordancenet_full_shape_val_batch_v3/3danet_full_592cafaa0c19ca2a2350bbd39dd26be2_open_pull.npy,processed/vlm_semantic_part/renders/3danet_full_592cafaa0c19ca2a2350bbd39dd26be2_open_pull
v3_review_000223,3danet_full_592cafaa0c19ca2a2350bbd39dd26be2_open_pull,Door,open_pull,hook,review,large_scale_review,point_refine,true,true,,Large-scale first-pass human review queue; candidate generation should propose top-k regions and reviewers finalize the mask.,processed/points/3d_affordancenet_full_shape_val_batch_v3/3danet_full_592cafaa0c19ca2a2350bbd39dd26be2.npy,processed/masks/3d_affordancenet_full_shape_val_batch_v3/3danet_full_592cafaa0c19ca2a2350bbd39dd26be2_open_pull.npy,processed/masks/3d_affordancenet_full_shape_val_batch_v3/3danet_full_592cafaa0c19ca2a2350bbd39dd26be2_open_pull.npy,processed/vlm_semantic_part/renders/3danet_full_592cafaa0c19ca2a2350bbd39dd26be2_open_pull
v3_review_000224,3danet_full_592cafaa0c19ca2a2350bbd39dd26be2_open_pull,Door,open_pull,dexterous_hand,review,large_scale_review,point_refine,true,true,,Large-scale first-pass human review queue; candidate generation should propose top-k regions and reviewers finalize the mask.,processed/points/3d_affordancenet_full_shape_val_batch_v3/3danet_full_592cafaa0c19ca2a2350bbd39dd26be2.npy,processed/masks/3d_affordancenet_full_shape_val_batch_v3/3danet_full_592cafaa0c19ca2a2350bbd39dd26be2_open_pull.npy,processed/masks/3d_affordancenet_full_shape_val_batch_v3/3danet_full_592cafaa0c19ca2a2350bbd39dd26be2_open_pull.npy,processed/vlm_semantic_part/renders/3danet_full_592cafaa0c19ca2a2350bbd39dd26be2_open_pull
v3_review_000225,3danet_full_592cafaa0c19ca2a2350bbd39dd26be2_press_push,Door,press_push,gripper,empty_review_required,executor_infeasible_empty_label,confirm_empty,true,false,no_graspable_region,"This object-task pair is kept, but this executor channel is marked infeasible by source metadata. Reviewer should confirm the empty label unless a valid affordance region is visible.",processed/points/3d_affordancenet_full_shape_val_batch_v3/3danet_full_592cafaa0c19ca2a2350bbd39dd26be2.npy,processed/masks/3d_affordancenet_full_shape_val_batch_v3/3danet_full_592cafaa0c19ca2a2350bbd39dd26be2_press_push.npy,processed/masks/3d_affordancenet_full_shape_val_batch_v3/3danet_full_592cafaa0c19ca2a2350bbd39dd26be2_press_push.npy,processed/vlm_semantic_part/renders/3danet_full_592cafaa0c19ca2a2350bbd39dd26be2_press_push
v3_review_000226,3danet_full_592cafaa0c19ca2a2350bbd39dd26be2_press_push,Door,press_push,suction,review,large_scale_review,point_refine,true,true,,Large-scale first-pass human review queue; candidate generation should propose top-k regions and reviewers finalize the mask.,processed/points/3d_affordancenet_full_shape_val_batch_v3/3danet_full_592cafaa0c19ca2a2350bbd39dd26be2.npy,processed/masks/3d_affordancenet_full_shape_val_batch_v3/3danet_full_592cafaa0c19ca2a2350bbd39dd26be2_press_push.npy,processed/masks/3d_affordancenet_full_shape_val_batch_v3/3danet_full_592cafaa0c19ca2a2350bbd39dd26be2_press_push.npy,processed/vlm_semantic_part/renders/3danet_full_592cafaa0c19ca2a2350bbd39dd26be2_press_push
v3_review_000227,3danet_full_592cafaa0c19ca2a2350bbd39dd26be2_press_push,Door,press_push,hook,empty_review_required,executor_infeasible_empty_label,confirm_empty,true,false,no_hookable_structure,"This object-task pair is kept, but this executor channel is marked infeasible by source metadata. Reviewer should confirm the empty label unless a valid affordance region is visible.",processed/points/3d_affordancenet_full_shape_val_batch_v3/3danet_full_592cafaa0c19ca2a2350bbd39dd26be2.npy,processed/masks/3d_affordancenet_full_shape_val_batch_v3/3danet_full_592cafaa0c19ca2a2350bbd39dd26be2_press_push.npy,processed/masks/3d_affordancenet_full_shape_val_batch_v3/3danet_full_592cafaa0c19ca2a2350bbd39dd26be2_press_push.npy,processed/vlm_semantic_part/renders/3danet_full_592cafaa0c19ca2a2350bbd39dd26be2_press_push
v3_review_000228,3danet_full_592cafaa0c19ca2a2350bbd39dd26be2_press_push,Door,press_push,dexterous_hand,empty_review_required,executor_infeasible_empty_label,confirm_empty,true,false,ordinary_surface_without_operation_meaning,"This object-task pair is kept, but this executor channel is marked infeasible by source metadata. Reviewer should confirm the empty label unless a valid affordance region is visible.",processed/points/3d_affordancenet_full_shape_val_batch_v3/3danet_full_592cafaa0c19ca2a2350bbd39dd26be2.npy,processed/masks/3d_affordancenet_full_shape_val_batch_v3/3danet_full_592cafaa0c19ca2a2350bbd39dd26be2_press_push.npy,processed/masks/3d_affordancenet_full_shape_val_batch_v3/3danet_full_592cafaa0c19ca2a2350bbd39dd26be2_press_push.npy,processed/vlm_semantic_part/renders/3danet_full_592cafaa0c19ca2a2350bbd39dd26be2_press_push
v3_review_000229,3danet_full_5ef7a6f3cf04e24c78c8381b988b6539_pick_up,Door,pick_up,gripper,empty_review_required,executor_infeasible_empty_label,confirm_empty,true,false,no_graspable_region,"This object-task pair is kept, but this executor channel is marked infeasible by source metadata. Reviewer should confirm the empty label unless a valid affordance region is visible.",processed/points/3d_affordancenet_full_shape_val_batch_v3/3danet_full_5ef7a6f3cf04e24c78c8381b988b6539.npy,processed/masks/3d_affordancenet_full_shape_val_batch_v3/3danet_full_5ef7a6f3cf04e24c78c8381b988b6539_pick_up.npy,processed/masks/3d_affordancenet_full_shape_val_batch_v3/3danet_full_5ef7a6f3cf04e24c78c8381b988b6539_pick_up.npy,processed/vlm_semantic_part/renders/3danet_full_5ef7a6f3cf04e24c78c8381b988b6539_pick_up
v3_review_000230,3danet_full_5ef7a6f3cf04e24c78c8381b988b6539_pick_up,Door,pick_up,suction,empty_review_required,executor_infeasible_empty_label,confirm_empty,true,false,no_flat_suction_surface,"This object-task pair is kept, but this executor channel is marked infeasible by source metadata. Reviewer should confirm the empty label unless a valid affordance region is visible.",processed/points/3d_affordancenet_full_shape_val_batch_v3/3danet_full_5ef7a6f3cf04e24c78c8381b988b6539.npy,processed/masks/3d_affordancenet_full_shape_val_batch_v3/3danet_full_5ef7a6f3cf04e24c78c8381b988b6539_pick_up.npy,processed/masks/3d_affordancenet_full_shape_val_batch_v3/3danet_full_5ef7a6f3cf04e24c78c8381b988b6539_pick_up.npy,processed/vlm_semantic_part/renders/3danet_full_5ef7a6f3cf04e24c78c8381b988b6539_pick_up
v3_review_000231,3danet_full_5ef7a6f3cf04e24c78c8381b988b6539_pick_up,Door,pick_up,hook,empty_review_required,executor_infeasible_empty_label,confirm_empty,true,false,no_hookable_structure,"This object-task pair is kept, but this executor channel is marked infeasible by source metadata. Reviewer should confirm the empty label unless a valid affordance region is visible.",processed/points/3d_affordancenet_full_shape_val_batch_v3/3danet_full_5ef7a6f3cf04e24c78c8381b988b6539.npy,processed/masks/3d_affordancenet_full_shape_val_batch_v3/3danet_full_5ef7a6f3cf04e24c78c8381b988b6539_pick_up.npy,processed/masks/3d_affordancenet_full_shape_val_batch_v3/3danet_full_5ef7a6f3cf04e24c78c8381b988b6539_pick_up.npy,processed/vlm_semantic_part/renders/3danet_full_5ef7a6f3cf04e24c78c8381b988b6539_pick_up
v3_review_000232,3danet_full_5ef7a6f3cf04e24c78c8381b988b6539_pick_up,Door,pick_up,dexterous_hand,empty_review_required,executor_infeasible_empty_label,confirm_empty,true,false,ordinary_surface_without_operation_meaning,"This object-task pair is kept, but this executor channel is marked infeasible by source metadata. Reviewer should confirm the empty label unless a valid affordance region is visible.",processed/points/3d_affordancenet_full_shape_val_batch_v3/3danet_full_5ef7a6f3cf04e24c78c8381b988b6539.npy,processed/masks/3d_affordancenet_full_shape_val_batch_v3/3danet_full_5ef7a6f3cf04e24c78c8381b988b6539_pick_up.npy,processed/masks/3d_affordancenet_full_shape_val_batch_v3/3danet_full_5ef7a6f3cf04e24c78c8381b988b6539_pick_up.npy,processed/vlm_semantic_part/renders/3danet_full_5ef7a6f3cf04e24c78c8381b988b6539_pick_up
v3_review_000233,3danet_full_5ef7a6f3cf04e24c78c8381b988b6539_open_pull,Door,open_pull,gripper,review,large_scale_review,point_refine,true,true,,Large-scale first-pass human review queue; candidate generation should propose top-k regions and reviewers finalize the mask.,processed/points/3d_affordancenet_full_shape_val_batch_v3/3danet_full_5ef7a6f3cf04e24c78c8381b988b6539.npy,processed/masks/3d_affordancenet_full_shape_val_batch_v3/3danet_full_5ef7a6f3cf04e24c78c8381b988b6539_open_pull.npy,processed/masks/3d_affordancenet_full_shape_val_batch_v3/3danet_full_5ef7a6f3cf04e24c78c8381b988b6539_open_pull.npy,processed/vlm_semantic_part/renders/3danet_full_5ef7a6f3cf04e24c78c8381b988b6539_open_pull
v3_review_000234,3danet_full_5ef7a6f3cf04e24c78c8381b988b6539_open_pull,Door,open_pull,suction,review,large_scale_review,point_refine,true,true,,Large-scale first-pass human review queue; candidate generation should propose top-k regions and reviewers finalize the mask.,processed/points/3d_affordancenet_full_shape_val_batch_v3/3danet_full_5ef7a6f3cf04e24c78c8381b988b6539.npy,processed/masks/3d_affordancenet_full_shape_val_batch_v3/3danet_full_5ef7a6f3cf04e24c78c8381b988b6539_open_pull.npy,processed/masks/3d_affordancenet_full_shape_val_batch_v3/3danet_full_5ef7a6f3cf04e24c78c8381b988b6539_open_pull.npy,processed/vlm_semantic_part/renders/3danet_full_5ef7a6f3cf04e24c78c8381b988b6539_open_pull
v3_review_000235,3danet_full_5ef7a6f3cf04e24c78c8381b988b6539_open_pull,Door,open_pull,hook,review,large_scale_review,point_refine,true,true,,Large-scale first-pass human review queue; candidate generation should propose top-k regions and reviewers finalize the mask.,processed/points/3d_affordancenet_full_shape_val_batch_v3/3danet_full_5ef7a6f3cf04e24c78c8381b988b6539.npy,processed/masks/3d_affordancenet_full_shape_val_batch_v3/3danet_full_5ef7a6f3cf04e24c78c8381b988b6539_open_pull.npy,processed/masks/3d_affordancenet_full_shape_val_batch_v3/3danet_full_5ef7a6f3cf04e24c78c8381b988b6539_open_pull.npy,processed/vlm_semantic_part/renders/3danet_full_5ef7a6f3cf04e24c78c8381b988b6539_open_pull
v3_review_000236,3danet_full_5ef7a6f3cf04e24c78c8381b988b6539_open_pull,Door,open_pull,dexterous_hand,review,large_scale_review,point_refine,true,true,,Large-scale first-pass human review queue; candidate generation should propose top-k regions and reviewers finalize the mask.,processed/points/3d_affordancenet_full_shape_val_batch_v3/3danet_full_5ef7a6f3cf04e24c78c8381b988b6539.npy,processed/masks/3d_affordancenet_full_shape_val_batch_v3/3danet_full_5ef7a6f3cf04e24c78c8381b988b6539_open_pull.npy,processed/masks/3d_affordancenet_full_shape_val_batch_v3/3danet_full_5ef7a6f3cf04e24c78c8381b988b6539_open_pull.npy,processed/vlm_semantic_part/renders/3danet_full_5ef7a6f3cf04e24c78c8381b988b6539_open_pull
v3_review_000237,3danet_full_5ef7a6f3cf04e24c78c8381b988b6539_press_push,Door,press_push,gripper,empty_review_required,executor_infeasible_empty_label,confirm_empty,true,false,no_graspable_region,"This object-task pair is kept, but this executor channel is marked infeasible by source metadata. Reviewer should confirm the empty label unless a valid affordance region is visible.",processed/points/3d_affordancenet_full_shape_val_batch_v3/3danet_full_5ef7a6f3cf04e24c78c8381b988b6539.npy,processed/masks/3d_affordancenet_full_shape_val_batch_v3/3danet_full_5ef7a6f3cf04e24c78c8381b988b6539_press_push.npy,processed/masks/3d_affordancenet_full_shape_val_batch_v3/3danet_full_5ef7a6f3cf04e24c78c8381b988b6539_press_push.npy,processed/vlm_semantic_part/renders/3danet_full_5ef7a6f3cf04e24c78c8381b988b6539_press_push
v3_review_000238,3danet_full_5ef7a6f3cf04e24c78c8381b988b6539_press_push,Door,press_push,suction,review,large_scale_review,point_refine,true,true,,Large-scale first-pass human review queue; candidate generation should propose top-k regions and reviewers finalize the mask.,processed/points/3d_affordancenet_full_shape_val_batch_v3/3danet_full_5ef7a6f3cf04e24c78c8381b988b6539.npy,processed/masks/3d_affordancenet_full_shape_val_batch_v3/3danet_full_5ef7a6f3cf04e24c78c8381b988b6539_press_push.npy,processed/masks/3d_affordancenet_full_shape_val_batch_v3/3danet_full_5ef7a6f3cf04e24c78c8381b988b6539_press_push.npy,processed/vlm_semantic_part/renders/3danet_full_5ef7a6f3cf04e24c78c8381b988b6539_press_push
v3_review_000239,3danet_full_5ef7a6f3cf04e24c78c8381b988b6539_press_push,Door,press_push,hook,empty_review_required,executor_infeasible_empty_label,confirm_empty,true,false,no_hookable_structure,"This object-task pair is kept, but this executor channel is marked infeasible by source metadata. Reviewer should confirm the empty label unless a valid affordance region is visible.",processed/points/3d_affordancenet_full_shape_val_batch_v3/3danet_full_5ef7a6f3cf04e24c78c8381b988b6539.npy,processed/masks/3d_affordancenet_full_shape_val_batch_v3/3danet_full_5ef7a6f3cf04e24c78c8381b988b6539_press_push.npy,processed/masks/3d_affordancenet_full_shape_val_batch_v3/3danet_full_5ef7a6f3cf04e24c78c8381b988b6539_press_push.npy,processed/vlm_semantic_part/renders/3danet_full_5ef7a6f3cf04e24c78c8381b988b6539_press_push
v3_review_000240,3danet_full_5ef7a6f3cf04e24c78c8381b988b6539_press_push,Door,press_push,dexterous_hand,empty_review_required,executor_infeasible_empty_label,confirm_empty,true,false,ordinary_surface_without_operation_meaning,"This object-task pair is kept, but this executor channel is marked infeasible by source metadata. Reviewer should confirm the empty label unless a valid affordance region is visible.",processed/points/3d_affordancenet_full_shape_val_batch_v3/3danet_full_5ef7a6f3cf04e24c78c8381b988b6539.npy,processed/masks/3d_affordancenet_full_shape_val_batch_v3/3danet_full_5ef7a6f3cf04e24c78c8381b988b6539_press_push.npy,processed/masks/3d_affordancenet_full_shape_val_batch_v3/3danet_full_5ef7a6f3cf04e24c78c8381b988b6539_press_push.npy,processed/vlm_semantic_part/renders/3danet_full_5ef7a6f3cf04e24c78c8381b988b6539_press_push
v3_review_000241,3danet_full_90d93cd686935a4bd866363c8e6eab2b_pick_up,Clock,pick_up,gripper,empty_review_required,executor_infeasible_empty_label,confirm_empty,true,false,no_graspable_region,"This object-task pair is kept, but this executor channel is marked infeasible by source metadata. Reviewer should confirm the empty label unless a valid affordance region is visible.",processed/points/3d_affordancenet_full_shape_val_batch_v3/3danet_full_90d93cd686935a4bd866363c8e6eab2b.npy,processed/masks/3d_affordancenet_full_shape_val_batch_v3/3danet_full_90d93cd686935a4bd866363c8e6eab2b_pick_up.npy,processed/masks/3d_affordancenet_full_shape_val_batch_v3/3danet_full_90d93cd686935a4bd866363c8e6eab2b_pick_up.npy,processed/vlm_semantic_part/renders/3danet_full_90d93cd686935a4bd866363c8e6eab2b_pick_up
v3_review_000242,3danet_full_90d93cd686935a4bd866363c8e6eab2b_pick_up,Clock,pick_up,suction,empty_review_required,executor_infeasible_empty_label,confirm_empty,true,false,no_flat_suction_surface,"This object-task pair is kept, but this executor channel is marked infeasible by source metadata. Reviewer should confirm the empty label unless a valid affordance region is visible.",processed/points/3d_affordancenet_full_shape_val_batch_v3/3danet_full_90d93cd686935a4bd866363c8e6eab2b.npy,processed/masks/3d_affordancenet_full_shape_val_batch_v3/3danet_full_90d93cd686935a4bd866363c8e6eab2b_pick_up.npy,processed/masks/3d_affordancenet_full_shape_val_batch_v3/3danet_full_90d93cd686935a4bd866363c8e6eab2b_pick_up.npy,processed/vlm_semantic_part/renders/3danet_full_90d93cd686935a4bd866363c8e6eab2b_pick_up
v3_review_000243,3danet_full_90d93cd686935a4bd866363c8e6eab2b_pick_up,Clock,pick_up,hook,empty_review_required,executor_infeasible_empty_label,confirm_empty,true,false,no_hookable_structure,"This object-task pair is kept, but this executor channel is marked infeasible by source metadata. Reviewer should confirm the empty label unless a valid affordance region is visible.",processed/points/3d_affordancenet_full_shape_val_batch_v3/3danet_full_90d93cd686935a4bd866363c8e6eab2b.npy,processed/masks/3d_affordancenet_full_shape_val_batch_v3/3danet_full_90d93cd686935a4bd866363c8e6eab2b_pick_up.npy,processed/masks/3d_affordancenet_full_shape_val_batch_v3/3danet_full_90d93cd686935a4bd866363c8e6eab2b_pick_up.npy,processed/vlm_semantic_part/renders/3danet_full_90d93cd686935a4bd866363c8e6eab2b_pick_up
v3_review_000244,3danet_full_90d93cd686935a4bd866363c8e6eab2b_pick_up,Clock,pick_up,dexterous_hand,empty_review_required,executor_infeasible_empty_label,confirm_empty,true,false,ordinary_surface_without_operation_meaning,"This object-task pair is kept, but this executor channel is marked infeasible by source metadata. Reviewer should confirm the empty label unless a valid affordance region is visible.",processed/points/3d_affordancenet_full_shape_val_batch_v3/3danet_full_90d93cd686935a4bd866363c8e6eab2b.npy,processed/masks/3d_affordancenet_full_shape_val_batch_v3/3danet_full_90d93cd686935a4bd866363c8e6eab2b_pick_up.npy,processed/masks/3d_affordancenet_full_shape_val_batch_v3/3danet_full_90d93cd686935a4bd866363c8e6eab2b_pick_up.npy,processed/vlm_semantic_part/renders/3danet_full_90d93cd686935a4bd866363c8e6eab2b_pick_up
v3_review_000245,3danet_full_7af418de6847137d2ea98d69e91ba870_pick_up,Clock,pick_up,gripper,empty_review_required,executor_infeasible_empty_label,confirm_empty,true,false,no_graspable_region,"This object-task pair is kept, but this executor channel is marked infeasible by source metadata. Reviewer should confirm the empty label unless a valid affordance region is visible.",processed/points/3d_affordancenet_full_shape_val_batch_v3/3danet_full_7af418de6847137d2ea98d69e91ba870.npy,processed/masks/3d_affordancenet_full_shape_val_batch_v3/3danet_full_7af418de6847137d2ea98d69e91ba870_pick_up.npy,processed/masks/3d_affordancenet_full_shape_val_batch_v3/3danet_full_7af418de6847137d2ea98d69e91ba870_pick_up.npy,processed/vlm_semantic_part/renders/3danet_full_7af418de6847137d2ea98d69e91ba870_pick_up
v3_review_000246,3danet_full_7af418de6847137d2ea98d69e91ba870_pick_up,Clock,pick_up,suction,empty_review_required,executor_infeasible_empty_label,confirm_empty,true,false,no_flat_suction_surface,"This object-task pair is kept, but this executor channel is marked infeasible by source metadata. Reviewer should confirm the empty label unless a valid affordance region is visible.",processed/points/3d_affordancenet_full_shape_val_batch_v3/3danet_full_7af418de6847137d2ea98d69e91ba870.npy,processed/masks/3d_affordancenet_full_shape_val_batch_v3/3danet_full_7af418de6847137d2ea98d69e91ba870_pick_up.npy,processed/masks/3d_affordancenet_full_shape_val_batch_v3/3danet_full_7af418de6847137d2ea98d69e91ba870_pick_up.npy,processed/vlm_semantic_part/renders/3danet_full_7af418de6847137d2ea98d69e91ba870_pick_up
v3_review_000247,3danet_full_7af418de6847137d2ea98d69e91ba870_pick_up,Clock,pick_up,hook,empty_review_required,executor_infeasible_empty_label,confirm_empty,true,false,no_hookable_structure,"This object-task pair is kept, but this executor channel is marked infeasible by source metadata. Reviewer should confirm the empty label unless a valid affordance region is visible.",processed/points/3d_affordancenet_full_shape_val_batch_v3/3danet_full_7af418de6847137d2ea98d69e91ba870.npy,processed/masks/3d_affordancenet_full_shape_val_batch_v3/3danet_full_7af418de6847137d2ea98d69e91ba870_pick_up.npy,processed/masks/3d_affordancenet_full_shape_val_batch_v3/3danet_full_7af418de6847137d2ea98d69e91ba870_pick_up.npy,processed/vlm_semantic_part/renders/3danet_full_7af418de6847137d2ea98d69e91ba870_pick_up
v3_review_000248,3danet_full_7af418de6847137d2ea98d69e91ba870_pick_up,Clock,pick_up,dexterous_hand,empty_review_required,executor_infeasible_empty_label,confirm_empty,true,false,ordinary_surface_without_operation_meaning,"This object-task pair is kept, but this executor channel is marked infeasible by source metadata. Reviewer should confirm the empty label unless a valid affordance region is visible.",processed/points/3d_affordancenet_full_shape_val_batch_v3/3danet_full_7af418de6847137d2ea98d69e91ba870.npy,processed/masks/3d_affordancenet_full_shape_val_batch_v3/3danet_full_7af418de6847137d2ea98d69e91ba870_pick_up.npy,processed/masks/3d_affordancenet_full_shape_val_batch_v3/3danet_full_7af418de6847137d2ea98d69e91ba870_pick_up.npy,processed/vlm_semantic_part/renders/3danet_full_7af418de6847137d2ea98d69e91ba870_pick_up
v3_review_000249,3danet_full_79f572f4428ad13cf54e1b6f41fdd78a_pick_up,Clock,pick_up,gripper,empty_review_required,executor_infeasible_empty_label,confirm_empty,true,false,no_graspable_region,"This object-task pair is kept, but this executor channel is marked infeasible by source metadata. Reviewer should confirm the empty label unless a valid affordance region is visible.",processed/points/3d_affordancenet_full_shape_val_batch_v3/3danet_full_79f572f4428ad13cf54e1b6f41fdd78a.npy,processed/masks/3d_affordancenet_full_shape_val_batch_v3/3danet_full_79f572f4428ad13cf54e1b6f41fdd78a_pick_up.npy,processed/masks/3d_affordancenet_full_shape_val_batch_v3/3danet_full_79f572f4428ad13cf54e1b6f41fdd78a_pick_up.npy,processed/vlm_semantic_part/renders/3danet_full_79f572f4428ad13cf54e1b6f41fdd78a_pick_up
v3_review_000250,3danet_full_79f572f4428ad13cf54e1b6f41fdd78a_pick_up,Clock,pick_up,suction,empty_review_required,executor_infeasible_empty_label,confirm_empty,true,false,no_flat_suction_surface,"This object-task pair is kept, but this executor channel is marked infeasible by source metadata. Reviewer should confirm the empty label unless a valid affordance region is visible.",processed/points/3d_affordancenet_full_shape_val_batch_v3/3danet_full_79f572f4428ad13cf54e1b6f41fdd78a.npy,processed/masks/3d_affordancenet_full_shape_val_batch_v3/3danet_full_79f572f4428ad13cf54e1b6f41fdd78a_pick_up.npy,processed/masks/3d_affordancenet_full_shape_val_batch_v3/3danet_full_79f572f4428ad13cf54e1b6f41fdd78a_pick_up.npy,processed/vlm_semantic_part/renders/3danet_full_79f572f4428ad13cf54e1b6f41fdd78a_pick_up
v3_review_000251,3danet_full_79f572f4428ad13cf54e1b6f41fdd78a_pick_up,Clock,pick_up,hook,empty_review_required,executor_infeasible_empty_label,confirm_empty,true,false,no_hookable_structure,"This object-task pair is kept, but this executor channel is marked infeasible by source metadata. Reviewer should confirm the empty label unless a valid affordance region is visible.",processed/points/3d_affordancenet_full_shape_val_batch_v3/3danet_full_79f572f4428ad13cf54e1b6f41fdd78a.npy,processed/masks/3d_affordancenet_full_shape_val_batch_v3/3danet_full_79f572f4428ad13cf54e1b6f41fdd78a_pick_up.npy,processed/masks/3d_affordancenet_full_shape_val_batch_v3/3danet_full_79f572f4428ad13cf54e1b6f41fdd78a_pick_up.npy,processed/vlm_semantic_part/renders/3danet_full_79f572f4428ad13cf54e1b6f41fdd78a_pick_up
v3_review_000252,3danet_full_79f572f4428ad13cf54e1b6f41fdd78a_pick_up,Clock,pick_up,dexterous_hand,empty_review_required,executor_infeasible_empty_label,confirm_empty,true,false,ordinary_surface_without_operation_meaning,"This object-task pair is kept, but this executor channel is marked infeasible by source metadata. Reviewer should confirm the empty label unless a valid affordance region is visible.",processed/points/3d_affordancenet_full_shape_val_batch_v3/3danet_full_79f572f4428ad13cf54e1b6f41fdd78a.npy,processed/masks/3d_affordancenet_full_shape_val_batch_v3/3danet_full_79f572f4428ad13cf54e1b6f41fdd78a_pick_up.npy,processed/masks/3d_affordancenet_full_shape_val_batch_v3/3danet_full_79f572f4428ad13cf54e1b6f41fdd78a_pick_up.npy,processed/vlm_semantic_part/renders/3danet_full_79f572f4428ad13cf54e1b6f41fdd78a_pick_up
v3_review_000253,3danet_full_b756ddadd752021b4a9073afd3cb57c_pick_up,Clock,pick_up,gripper,empty_review_required,executor_infeasible_empty_label,confirm_empty,true,false,no_graspable_region,"This object-task pair is kept, but this executor channel is marked infeasible by source metadata. Reviewer should confirm the empty label unless a valid affordance region is visible.",processed/points/3d_affordancenet_full_shape_val_batch_v3/3danet_full_b756ddadd752021b4a9073afd3cb57c.npy,processed/masks/3d_affordancenet_full_shape_val_batch_v3/3danet_full_b756ddadd752021b4a9073afd3cb57c_pick_up.npy,processed/masks/3d_affordancenet_full_shape_val_batch_v3/3danet_full_b756ddadd752021b4a9073afd3cb57c_pick_up.npy,processed/vlm_semantic_part/renders/3danet_full_b756ddadd752021b4a9073afd3cb57c_pick_up
v3_review_000254,3danet_full_b756ddadd752021b4a9073afd3cb57c_pick_up,Clock,pick_up,suction,empty_review_required,executor_infeasible_empty_label,confirm_empty,true,false,no_flat_suction_surface,"This object-task pair is kept, but this executor channel is marked infeasible by source metadata. Reviewer should confirm the empty label unless a valid affordance region is visible.",processed/points/3d_affordancenet_full_shape_val_batch_v3/3danet_full_b756ddadd752021b4a9073afd3cb57c.npy,processed/masks/3d_affordancenet_full_shape_val_batch_v3/3danet_full_b756ddadd752021b4a9073afd3cb57c_pick_up.npy,processed/masks/3d_affordancenet_full_shape_val_batch_v3/3danet_full_b756ddadd752021b4a9073afd3cb57c_pick_up.npy,processed/vlm_semantic_part/renders/3danet_full_b756ddadd752021b4a9073afd3cb57c_pick_up
v3_review_000255,3danet_full_b756ddadd752021b4a9073afd3cb57c_pick_up,Clock,pick_up,hook,empty_review_required,executor_infeasible_empty_label,confirm_empty,true,false,no_hookable_structure,"This object-task pair is kept, but this executor channel is marked infeasible by source metadata. Reviewer should confirm the empty label unless a valid affordance region is visible.",processed/points/3d_affordancenet_full_shape_val_batch_v3/3danet_full_b756ddadd752021b4a9073afd3cb57c.npy,processed/masks/3d_affordancenet_full_shape_val_batch_v3/3danet_full_b756ddadd752021b4a9073afd3cb57c_pick_up.npy,processed/masks/3d_affordancenet_full_shape_val_batch_v3/3danet_full_b756ddadd752021b4a9073afd3cb57c_pick_up.npy,processed/vlm_semantic_part/renders/3danet_full_b756ddadd752021b4a9073afd3cb57c_pick_up
v3_review_000256,3danet_full_b756ddadd752021b4a9073afd3cb57c_pick_up,Clock,pick_up,dexterous_hand,empty_review_required,executor_infeasible_empty_label,confirm_empty,true,false,ordinary_surface_without_operation_meaning,"This object-task pair is kept, but this executor channel is marked infeasible by source metadata. Reviewer should confirm the empty label unless a valid affordance region is visible.",processed/points/3d_affordancenet_full_shape_val_batch_v3/3danet_full_b756ddadd752021b4a9073afd3cb57c.npy,processed/masks/3d_affordancenet_full_shape_val_batch_v3/3danet_full_b756ddadd752021b4a9073afd3cb57c_pick_up.npy,processed/masks/3d_affordancenet_full_shape_val_batch_v3/3danet_full_b756ddadd752021b4a9073afd3cb57c_pick_up.npy,processed/vlm_semantic_part/renders/3danet_full_b756ddadd752021b4a9073afd3cb57c_pick_up
v3_review_000257,3danet_full_f41e23b98991d0f535836c728d324152_pick_up,Clock,pick_up,gripper,empty_review_required,executor_infeasible_empty_label,confirm_empty,true,false,no_graspable_region,"This object-task pair is kept, but this executor channel is marked infeasible by source metadata. Reviewer should confirm the empty label unless a valid affordance region is visible.",processed/points/3d_affordancenet_full_shape_val_batch_v3/3danet_full_f41e23b98991d0f535836c728d324152.npy,processed/masks/3d_affordancenet_full_shape_val_batch_v3/3danet_full_f41e23b98991d0f535836c728d324152_pick_up.npy,processed/masks/3d_affordancenet_full_shape_val_batch_v3/3danet_full_f41e23b98991d0f535836c728d324152_pick_up.npy,processed/vlm_semantic_part/renders/3danet_full_f41e23b98991d0f535836c728d324152_pick_up
v3_review_000258,3danet_full_f41e23b98991d0f535836c728d324152_pick_up,Clock,pick_up,suction,empty_review_required,executor_infeasible_empty_label,confirm_empty,true,false,no_flat_suction_surface,"This object-task pair is kept, but this executor channel is marked infeasible by source metadata. Reviewer should confirm the empty label unless a valid affordance region is visible.",processed/points/3d_affordancenet_full_shape_val_batch_v3/3danet_full_f41e23b98991d0f535836c728d324152.npy,processed/masks/3d_affordancenet_full_shape_val_batch_v3/3danet_full_f41e23b98991d0f535836c728d324152_pick_up.npy,processed/masks/3d_affordancenet_full_shape_val_batch_v3/3danet_full_f41e23b98991d0f535836c728d324152_pick_up.npy,processed/vlm_semantic_part/renders/3danet_full_f41e23b98991d0f535836c728d324152_pick_up
v3_review_000259,3danet_full_f41e23b98991d0f535836c728d324152_pick_up,Clock,pick_up,hook,empty_review_required,executor_infeasible_empty_label,confirm_empty,true,false,no_hookable_structure,"This object-task pair is kept, but this executor channel is marked infeasible by source metadata. Reviewer should confirm the empty label unless a valid affordance region is visible.",processed/points/3d_affordancenet_full_shape_val_batch_v3/3danet_full_f41e23b98991d0f535836c728d324152.npy,processed/masks/3d_affordancenet_full_shape_val_batch_v3/3danet_full_f41e23b98991d0f535836c728d324152_pick_up.npy,processed/masks/3d_affordancenet_full_shape_val_batch_v3/3danet_full_f41e23b98991d0f535836c728d324152_pick_up.npy,processed/vlm_semantic_part/renders/3danet_full_f41e23b98991d0f535836c728d324152_pick_up
v3_review_000260,3danet_full_f41e23b98991d0f535836c728d324152_pick_up,Clock,pick_up,dexterous_hand,empty_review_required,executor_infeasible_empty_label,confirm_empty,true,false,ordinary_surface_without_operation_meaning,"This object-task pair is kept, but this executor channel is marked infeasible by source metadata. Reviewer should confirm the empty label unless a valid affordance region is visible.",processed/points/3d_affordancenet_full_shape_val_batch_v3/3danet_full_f41e23b98991d0f535836c728d324152.npy,processed/masks/3d_affordancenet_full_shape_val_batch_v3/3danet_full_f41e23b98991d0f535836c728d324152_pick_up.npy,processed/masks/3d_affordancenet_full_shape_val_batch_v3/3danet_full_f41e23b98991d0f535836c728d324152_pick_up.npy,processed/vlm_semantic_part/renders/3danet_full_f41e23b98991d0f535836c728d324152_pick_up
v3_review_000261,3danet_full_7dc182e052ddc140bd332b3f93481432_pick_up,Clock,pick_up,gripper,empty_review_required,executor_infeasible_empty_label,confirm_empty,true,false,no_graspable_region,"This object-task pair is kept, but this executor channel is marked infeasible by source metadata. Reviewer should confirm the empty label unless a valid affordance region is visible.",processed/points/3d_affordancenet_full_shape_val_batch_v3/3danet_full_7dc182e052ddc140bd332b3f93481432.npy,processed/masks/3d_affordancenet_full_shape_val_batch_v3/3danet_full_7dc182e052ddc140bd332b3f93481432_pick_up.npy,processed/masks/3d_affordancenet_full_shape_val_batch_v3/3danet_full_7dc182e052ddc140bd332b3f93481432_pick_up.npy,processed/vlm_semantic_part/renders/3danet_full_7dc182e052ddc140bd332b3f93481432_pick_up
v3_review_000262,3danet_full_7dc182e052ddc140bd332b3f93481432_pick_up,Clock,pick_up,suction,empty_review_required,executor_infeasible_empty_label,confirm_empty,true,false,no_flat_suction_surface,"This object-task pair is kept, but this executor channel is marked infeasible by source metadata. Reviewer should confirm the empty label unless a valid affordance region is visible.",processed/points/3d_affordancenet_full_shape_val_batch_v3/3danet_full_7dc182e052ddc140bd332b3f93481432.npy,processed/masks/3d_affordancenet_full_shape_val_batch_v3/3danet_full_7dc182e052ddc140bd332b3f93481432_pick_up.npy,processed/masks/3d_affordancenet_full_shape_val_batch_v3/3danet_full_7dc182e052ddc140bd332b3f93481432_pick_up.npy,processed/vlm_semantic_part/renders/3danet_full_7dc182e052ddc140bd332b3f93481432_pick_up
v3_review_000263,3danet_full_7dc182e052ddc140bd332b3f93481432_pick_up,Clock,pick_up,hook,empty_review_required,executor_infeasible_empty_label,confirm_empty,true,false,no_hookable_structure,"This object-task pair is kept, but this executor channel is marked infeasible by source metadata. Reviewer should confirm the empty label unless a valid affordance region is visible.",processed/points/3d_affordancenet_full_shape_val_batch_v3/3danet_full_7dc182e052ddc140bd332b3f93481432.npy,processed/masks/3d_affordancenet_full_shape_val_batch_v3/3danet_full_7dc182e052ddc140bd332b3f93481432_pick_up.npy,processed/masks/3d_affordancenet_full_shape_val_batch_v3/3danet_full_7dc182e052ddc140bd332b3f93481432_pick_up.npy,processed/vlm_semantic_part/renders/3danet_full_7dc182e052ddc140bd332b3f93481432_pick_up
v3_review_000264,3danet_full_7dc182e052ddc140bd332b3f93481432_pick_up,Clock,pick_up,dexterous_hand,empty_review_required,executor_infeasible_empty_label,confirm_empty,true,false,ordinary_surface_without_operation_meaning,"This object-task pair is kept, but this executor channel is marked infeasible by source metadata. Reviewer should confirm the empty label unless a valid affordance region is visible.",processed/points/3d_affordancenet_full_shape_val_batch_v3/3danet_full_7dc182e052ddc140bd332b3f93481432.npy,processed/masks/3d_affordancenet_full_shape_val_batch_v3/3danet_full_7dc182e052ddc140bd332b3f93481432_pick_up.npy,processed/masks/3d_affordancenet_full_shape_val_batch_v3/3danet_full_7dc182e052ddc140bd332b3f93481432_pick_up.npy,processed/vlm_semantic_part/renders/3danet_full_7dc182e052ddc140bd332b3f93481432_pick_up
v3_review_000265,3danet_full_883d4ed6c9441e8e707e09f70814b7ed_pick_up,Clock,pick_up,gripper,empty_review_required,executor_infeasible_empty_label,confirm_empty,true,false,no_graspable_region,"This object-task pair is kept, but this executor channel is marked infeasible by source metadata. Reviewer should confirm the empty label unless a valid affordance region is visible.",processed/points/3d_affordancenet_full_shape_val_batch_v3/3danet_full_883d4ed6c9441e8e707e09f70814b7ed.npy,processed/masks/3d_affordancenet_full_shape_val_batch_v3/3danet_full_883d4ed6c9441e8e707e09f70814b7ed_pick_up.npy,processed/masks/3d_affordancenet_full_shape_val_batch_v3/3danet_full_883d4ed6c9441e8e707e09f70814b7ed_pick_up.npy,processed/vlm_semantic_part/renders/3danet_full_883d4ed6c9441e8e707e09f70814b7ed_pick_up
v3_review_000266,3danet_full_883d4ed6c9441e8e707e09f70814b7ed_pick_up,Clock,pick_up,suction,empty_review_required,executor_infeasible_empty_label,confirm_empty,true,false,no_flat_suction_surface,"This object-task pair is kept, but this executor channel is marked infeasible by source metadata. Reviewer should confirm the empty label unless a valid affordance region is visible.",processed/points/3d_affordancenet_full_shape_val_batch_v3/3danet_full_883d4ed6c9441e8e707e09f70814b7ed.npy,processed/masks/3d_affordancenet_full_shape_val_batch_v3/3danet_full_883d4ed6c9441e8e707e09f70814b7ed_pick_up.npy,processed/masks/3d_affordancenet_full_shape_val_batch_v3/3danet_full_883d4ed6c9441e8e707e09f70814b7ed_pick_up.npy,processed/vlm_semantic_part/renders/3danet_full_883d4ed6c9441e8e707e09f70814b7ed_pick_up
v3_review_000267,3danet_full_883d4ed6c9441e8e707e09f70814b7ed_pick_up,Clock,pick_up,hook,empty_review_required,executor_infeasible_empty_label,confirm_empty,true,false,no_hookable_structure,"This object-task pair is kept, but this executor channel is marked infeasible by source metadata. Reviewer should confirm the empty label unless a valid affordance region is visible.",processed/points/3d_affordancenet_full_shape_val_batch_v3/3danet_full_883d4ed6c9441e8e707e09f70814b7ed.npy,processed/masks/3d_affordancenet_full_shape_val_batch_v3/3danet_full_883d4ed6c9441e8e707e09f70814b7ed_pick_up.npy,processed/masks/3d_affordancenet_full_shape_val_batch_v3/3danet_full_883d4ed6c9441e8e707e09f70814b7ed_pick_up.npy,processed/vlm_semantic_part/renders/3danet_full_883d4ed6c9441e8e707e09f70814b7ed_pick_up
v3_review_000268,3danet_full_883d4ed6c9441e8e707e09f70814b7ed_pick_up,Clock,pick_up,dexterous_hand,empty_review_required,executor_infeasible_empty_label,confirm_empty,true,false,ordinary_surface_without_operation_meaning,"This object-task pair is kept, but this executor channel is marked infeasible by source metadata. Reviewer should confirm the empty label unless a valid affordance region is visible.",processed/points/3d_affordancenet_full_shape_val_batch_v3/3danet_full_883d4ed6c9441e8e707e09f70814b7ed.npy,processed/masks/3d_affordancenet_full_shape_val_batch_v3/3danet_full_883d4ed6c9441e8e707e09f70814b7ed_pick_up.npy,processed/masks/3d_affordancenet_full_shape_val_batch_v3/3danet_full_883d4ed6c9441e8e707e09f70814b7ed_pick_up.npy,processed/vlm_semantic_part/renders/3danet_full_883d4ed6c9441e8e707e09f70814b7ed_pick_up
v3_review_000269,3danet_full_6970ca7ec4463ff4224ee0743294f79_pick_up,Clock,pick_up,gripper,empty_review_required,executor_infeasible_empty_label,confirm_empty,true,false,no_graspable_region,"This object-task pair is kept, but this executor channel is marked infeasible by source metadata. Reviewer should confirm the empty label unless a valid affordance region is visible.",processed/points/3d_affordancenet_full_shape_val_batch_v3/3danet_full_6970ca7ec4463ff4224ee0743294f79.npy,processed/masks/3d_affordancenet_full_shape_val_batch_v3/3danet_full_6970ca7ec4463ff4224ee0743294f79_pick_up.npy,processed/masks/3d_affordancenet_full_shape_val_batch_v3/3danet_full_6970ca7ec4463ff4224ee0743294f79_pick_up.npy,processed/vlm_semantic_part/renders/3danet_full_6970ca7ec4463ff4224ee0743294f79_pick_up
v3_review_000270,3danet_full_6970ca7ec4463ff4224ee0743294f79_pick_up,Clock,pick_up,suction,empty_review_required,executor_infeasible_empty_label,confirm_empty,true,false,no_flat_suction_surface,"This object-task pair is kept, but this executor channel is marked infeasible by source metadata. Reviewer should confirm the empty label unless a valid affordance region is visible.",processed/points/3d_affordancenet_full_shape_val_batch_v3/3danet_full_6970ca7ec4463ff4224ee0743294f79.npy,processed/masks/3d_affordancenet_full_shape_val_batch_v3/3danet_full_6970ca7ec4463ff4224ee0743294f79_pick_up.npy,processed/masks/3d_affordancenet_full_shape_val_batch_v3/3danet_full_6970ca7ec4463ff4224ee0743294f79_pick_up.npy,processed/vlm_semantic_part/renders/3danet_full_6970ca7ec4463ff4224ee0743294f79_pick_up
v3_review_000271,3danet_full_6970ca7ec4463ff4224ee0743294f79_pick_up,Clock,pick_up,hook,empty_review_required,executor_infeasible_empty_label,confirm_empty,true,false,no_hookable_structure,"This object-task pair is kept, but this executor channel is marked infeasible by source metadata. Reviewer should confirm the empty label unless a valid affordance region is visible.",processed/points/3d_affordancenet_full_shape_val_batch_v3/3danet_full_6970ca7ec4463ff4224ee0743294f79.npy,processed/masks/3d_affordancenet_full_shape_val_batch_v3/3danet_full_6970ca7ec4463ff4224ee0743294f79_pick_up.npy,processed/masks/3d_affordancenet_full_shape_val_batch_v3/3danet_full_6970ca7ec4463ff4224ee0743294f79_pick_up.npy,processed/vlm_semantic_part/renders/3danet_full_6970ca7ec4463ff4224ee0743294f79_pick_up
v3_review_000272,3danet_full_6970ca7ec4463ff4224ee0743294f79_pick_up,Clock,pick_up,dexterous_hand,empty_review_required,executor_infeasible_empty_label,confirm_empty,true,false,ordinary_surface_without_operation_meaning,"This object-task pair is kept, but this executor channel is marked infeasible by source metadata. Reviewer should confirm the empty label unless a valid affordance region is visible.",processed/points/3d_affordancenet_full_shape_val_batch_v3/3danet_full_6970ca7ec4463ff4224ee0743294f79.npy,processed/masks/3d_affordancenet_full_shape_val_batch_v3/3danet_full_6970ca7ec4463ff4224ee0743294f79_pick_up.npy,processed/masks/3d_affordancenet_full_shape_val_batch_v3/3danet_full_6970ca7ec4463ff4224ee0743294f79_pick_up.npy,processed/vlm_semantic_part/renders/3danet_full_6970ca7ec4463ff4224ee0743294f79_pick_up
v3_review_000273,3danet_full_147df4e2a9af41fbf51f77a6d7299806_pick_up,Clock,pick_up,gripper,empty_review_required,executor_infeasible_empty_label,confirm_empty,true,false,no_graspable_region,"This object-task pair is kept, but this executor channel is marked infeasible by source metadata. Reviewer should confirm the empty label unless a valid affordance region is visible.",processed/points/3d_affordancenet_full_shape_val_batch_v3/3danet_full_147df4e2a9af41fbf51f77a6d7299806.npy,processed/masks/3d_affordancenet_full_shape_val_batch_v3/3danet_full_147df4e2a9af41fbf51f77a6d7299806_pick_up.npy,processed/masks/3d_affordancenet_full_shape_val_batch_v3/3danet_full_147df4e2a9af41fbf51f77a6d7299806_pick_up.npy,processed/vlm_semantic_part/renders/3danet_full_147df4e2a9af41fbf51f77a6d7299806_pick_up
v3_review_000274,3danet_full_147df4e2a9af41fbf51f77a6d7299806_pick_up,Clock,pick_up,suction,empty_review_required,executor_infeasible_empty_label,confirm_empty,true,false,no_flat_suction_surface,"This object-task pair is kept, but this executor channel is marked infeasible by source metadata. Reviewer should confirm the empty label unless a valid affordance region is visible.",processed/points/3d_affordancenet_full_shape_val_batch_v3/3danet_full_147df4e2a9af41fbf51f77a6d7299806.npy,processed/masks/3d_affordancenet_full_shape_val_batch_v3/3danet_full_147df4e2a9af41fbf51f77a6d7299806_pick_up.npy,processed/masks/3d_affordancenet_full_shape_val_batch_v3/3danet_full_147df4e2a9af41fbf51f77a6d7299806_pick_up.npy,processed/vlm_semantic_part/renders/3danet_full_147df4e2a9af41fbf51f77a6d7299806_pick_up
v3_review_000275,3danet_full_147df4e2a9af41fbf51f77a6d7299806_pick_up,Clock,pick_up,hook,empty_review_required,executor_infeasible_empty_label,confirm_empty,true,false,no_hookable_structure,"This object-task pair is kept, but this executor channel is marked infeasible by source metadata. Reviewer should confirm the empty label unless a valid affordance region is visible.",processed/points/3d_affordancenet_full_shape_val_batch_v3/3danet_full_147df4e2a9af41fbf51f77a6d7299806.npy,processed/masks/3d_affordancenet_full_shape_val_batch_v3/3danet_full_147df4e2a9af41fbf51f77a6d7299806_pick_up.npy,processed/masks/3d_affordancenet_full_shape_val_batch_v3/3danet_full_147df4e2a9af41fbf51f77a6d7299806_pick_up.npy,processed/vlm_semantic_part/renders/3danet_full_147df4e2a9af41fbf51f77a6d7299806_pick_up
v3_review_000276,3danet_full_147df4e2a9af41fbf51f77a6d7299806_pick_up,Clock,pick_up,dexterous_hand,empty_review_required,executor_infeasible_empty_label,confirm_empty,true,false,ordinary_surface_without_operation_meaning,"This object-task pair is kept, but this executor channel is marked infeasible by source metadata. Reviewer should confirm the empty label unless a valid affordance region is visible.",processed/points/3d_affordancenet_full_shape_val_batch_v3/3danet_full_147df4e2a9af41fbf51f77a6d7299806.npy,processed/masks/3d_affordancenet_full_shape_val_batch_v3/3danet_full_147df4e2a9af41fbf51f77a6d7299806_pick_up.npy,processed/masks/3d_affordancenet_full_shape_val_batch_v3/3danet_full_147df4e2a9af41fbf51f77a6d7299806_pick_up.npy,processed/vlm_semantic_part/renders/3danet_full_147df4e2a9af41fbf51f77a6d7299806_pick_up
v3_review_000277,3danet_full_b602321e87ba6ffedce1f8ab000da922_pick_up,Clock,pick_up,gripper,empty_review_required,executor_infeasible_empty_label,confirm_empty,true,false,no_graspable_region,"This object-task pair is kept, but this executor channel is marked infeasible by source metadata. Reviewer should confirm the empty label unless a valid affordance region is visible.",processed/points/3d_affordancenet_full_shape_val_batch_v3/3danet_full_b602321e87ba6ffedce1f8ab000da922.npy,processed/masks/3d_affordancenet_full_shape_val_batch_v3/3danet_full_b602321e87ba6ffedce1f8ab000da922_pick_up.npy,processed/masks/3d_affordancenet_full_shape_val_batch_v3/3danet_full_b602321e87ba6ffedce1f8ab000da922_pick_up.npy,processed/vlm_semantic_part/renders/3danet_full_b602321e87ba6ffedce1f8ab000da922_pick_up
v3_review_000278,3danet_full_b602321e87ba6ffedce1f8ab000da922_pick_up,Clock,pick_up,suction,empty_review_required,executor_infeasible_empty_label,confirm_empty,true,false,no_flat_suction_surface,"This object-task pair is kept, but this executor channel is marked infeasible by source metadata. Reviewer should confirm the empty label unless a valid affordance region is visible.",processed/points/3d_affordancenet_full_shape_val_batch_v3/3danet_full_b602321e87ba6ffedce1f8ab000da922.npy,processed/masks/3d_affordancenet_full_shape_val_batch_v3/3danet_full_b602321e87ba6ffedce1f8ab000da922_pick_up.npy,processed/masks/3d_affordancenet_full_shape_val_batch_v3/3danet_full_b602321e87ba6ffedce1f8ab000da922_pick_up.npy,processed/vlm_semantic_part/renders/3danet_full_b602321e87ba6ffedce1f8ab000da922_pick_up
v3_review_000279,3danet_full_b602321e87ba6ffedce1f8ab000da922_pick_up,Clock,pick_up,hook,empty_review_required,executor_infeasible_empty_label,confirm_empty,true,false,no_hookable_structure,"This object-task pair is kept, but this executor channel is marked infeasible by source metadata. Reviewer should confirm the empty label unless a valid affordance region is visible.",processed/points/3d_affordancenet_full_shape_val_batch_v3/3danet_full_b602321e87ba6ffedce1f8ab000da922.npy,processed/masks/3d_affordancenet_full_shape_val_batch_v3/3danet_full_b602321e87ba6ffedce1f8ab000da922_pick_up.npy,processed/masks/3d_affordancenet_full_shape_val_batch_v3/3danet_full_b602321e87ba6ffedce1f8ab000da922_pick_up.npy,processed/vlm_semantic_part/renders/3danet_full_b602321e87ba6ffedce1f8ab000da922_pick_up
v3_review_000280,3danet_full_b602321e87ba6ffedce1f8ab000da922_pick_up,Clock,pick_up,dexterous_hand,empty_review_required,executor_infeasible_empty_label,confirm_empty,true,false,ordinary_surface_without_operation_meaning,"This object-task pair is kept, but this executor channel is marked infeasible by source metadata. Reviewer should confirm the empty label unless a valid affordance region is visible.",processed/points/3d_affordancenet_full_shape_val_batch_v3/3danet_full_b602321e87ba6ffedce1f8ab000da922.npy,processed/masks/3d_affordancenet_full_shape_val_batch_v3/3danet_full_b602321e87ba6ffedce1f8ab000da922_pick_up.npy,processed/masks/3d_affordancenet_full_shape_val_batch_v3/3danet_full_b602321e87ba6ffedce1f8ab000da922_pick_up.npy,processed/vlm_semantic_part/renders/3danet_full_b602321e87ba6ffedce1f8ab000da922_pick_up
v3_review_000281,3danet_full_395c82f7a56b5cb0ef6c510e24348d3b_pick_up,Clock,pick_up,gripper,empty_review_required,executor_infeasible_empty_label,confirm_empty,true,false,no_graspable_region,"This object-task pair is kept, but this executor channel is marked infeasible by source metadata. Reviewer should confirm the empty label unless a valid affordance region is visible.",processed/points/3d_affordancenet_full_shape_val_batch_v3/3danet_full_395c82f7a56b5cb0ef6c510e24348d3b.npy,processed/masks/3d_affordancenet_full_shape_val_batch_v3/3danet_full_395c82f7a56b5cb0ef6c510e24348d3b_pick_up.npy,processed/masks/3d_affordancenet_full_shape_val_batch_v3/3danet_full_395c82f7a56b5cb0ef6c510e24348d3b_pick_up.npy,processed/vlm_semantic_part/renders/3danet_full_395c82f7a56b5cb0ef6c510e24348d3b_pick_up
v3_review_000282,3danet_full_395c82f7a56b5cb0ef6c510e24348d3b_pick_up,Clock,pick_up,suction,empty_review_required,executor_infeasible_empty_label,confirm_empty,true,false,no_flat_suction_surface,"This object-task pair is kept, but this executor channel is marked infeasible by source metadata. Reviewer should confirm the empty label unless a valid affordance region is visible.",processed/points/3d_affordancenet_full_shape_val_batch_v3/3danet_full_395c82f7a56b5cb0ef6c510e24348d3b.npy,processed/masks/3d_affordancenet_full_shape_val_batch_v3/3danet_full_395c82f7a56b5cb0ef6c510e24348d3b_pick_up.npy,processed/masks/3d_affordancenet_full_shape_val_batch_v3/3danet_full_395c82f7a56b5cb0ef6c510e24348d3b_pick_up.npy,processed/vlm_semantic_part/renders/3danet_full_395c82f7a56b5cb0ef6c510e24348d3b_pick_up
v3_review_000283,3danet_full_395c82f7a56b5cb0ef6c510e24348d3b_pick_up,Clock,pick_up,hook,empty_review_required,executor_infeasible_empty_label,confirm_empty,true,false,no_hookable_structure,"This object-task pair is kept, but this executor channel is marked infeasible by source metadata. Reviewer should confirm the empty label unless a valid affordance region is visible.",processed/points/3d_affordancenet_full_shape_val_batch_v3/3danet_full_395c82f7a56b5cb0ef6c510e24348d3b.npy,processed/masks/3d_affordancenet_full_shape_val_batch_v3/3danet_full_395c82f7a56b5cb0ef6c510e24348d3b_pick_up.npy,processed/masks/3d_affordancenet_full_shape_val_batch_v3/3danet_full_395c82f7a56b5cb0ef6c510e24348d3b_pick_up.npy,processed/vlm_semantic_part/renders/3danet_full_395c82f7a56b5cb0ef6c510e24348d3b_pick_up
v3_review_000284,3danet_full_395c82f7a56b5cb0ef6c510e24348d3b_pick_up,Clock,pick_up,dexterous_hand,empty_review_required,executor_infeasible_empty_label,confirm_empty,true,false,ordinary_surface_without_operation_meaning,"This object-task pair is kept, but this executor channel is marked infeasible by source metadata. Reviewer should confirm the empty label unless a valid affordance region is visible.",processed/points/3d_affordancenet_full_shape_val_batch_v3/3danet_full_395c82f7a56b5cb0ef6c510e24348d3b.npy,processed/masks/3d_affordancenet_full_shape_val_batch_v3/3danet_full_395c82f7a56b5cb0ef6c510e24348d3b_pick_up.npy,processed/masks/3d_affordancenet_full_shape_val_batch_v3/3danet_full_395c82f7a56b5cb0ef6c510e24348d3b_pick_up.npy,processed/vlm_semantic_part/renders/3danet_full_395c82f7a56b5cb0ef6c510e24348d3b_pick_up
v3_review_000285,3danet_full_772f1ed7779459e8d835a15bbfa33167_pick_up,Clock,pick_up,gripper,empty_review_required,executor_infeasible_empty_label,confirm_empty,true,false,no_graspable_region,"This object-task pair is kept, but this executor channel is marked infeasible by source metadata. Reviewer should confirm the empty label unless a valid affordance region is visible.",processed/points/3d_affordancenet_full_shape_val_batch_v3/3danet_full_772f1ed7779459e8d835a15bbfa33167.npy,processed/masks/3d_affordancenet_full_shape_val_batch_v3/3danet_full_772f1ed7779459e8d835a15bbfa33167_pick_up.npy,processed/masks/3d_affordancenet_full_shape_val_batch_v3/3danet_full_772f1ed7779459e8d835a15bbfa33167_pick_up.npy,processed/vlm_semantic_part/renders/3danet_full_772f1ed7779459e8d835a15bbfa33167_pick_up
v3_review_000286,3danet_full_772f1ed7779459e8d835a15bbfa33167_pick_up,Clock,pick_up,suction,empty_review_required,executor_infeasible_empty_label,confirm_empty,true,false,no_flat_suction_surface,"This object-task pair is kept, but this executor channel is marked infeasible by source metadata. Reviewer should confirm the empty label unless a valid affordance region is visible.",processed/points/3d_affordancenet_full_shape_val_batch_v3/3danet_full_772f1ed7779459e8d835a15bbfa33167.npy,processed/masks/3d_affordancenet_full_shape_val_batch_v3/3danet_full_772f1ed7779459e8d835a15bbfa33167_pick_up.npy,processed/masks/3d_affordancenet_full_shape_val_batch_v3/3danet_full_772f1ed7779459e8d835a15bbfa33167_pick_up.npy,processed/vlm_semantic_part/renders/3danet_full_772f1ed7779459e8d835a15bbfa33167_pick_up
v3_review_000287,3danet_full_772f1ed7779459e8d835a15bbfa33167_pick_up,Clock,pick_up,hook,empty_review_required,executor_infeasible_empty_label,confirm_empty,true,false,no_hookable_structure,"This object-task pair is kept, but this executor channel is marked infeasible by source metadata. Reviewer should confirm the empty label unless a valid affordance region is visible.",processed/points/3d_affordancenet_full_shape_val_batch_v3/3danet_full_772f1ed7779459e8d835a15bbfa33167.npy,processed/masks/3d_affordancenet_full_shape_val_batch_v3/3danet_full_772f1ed7779459e8d835a15bbfa33167_pick_up.npy,processed/masks/3d_affordancenet_full_shape_val_batch_v3/3danet_full_772f1ed7779459e8d835a15bbfa33167_pick_up.npy,processed/vlm_semantic_part/renders/3danet_full_772f1ed7779459e8d835a15bbfa33167_pick_up
v3_review_000288,3danet_full_772f1ed7779459e8d835a15bbfa33167_pick_up,Clock,pick_up,dexterous_hand,empty_review_required,executor_infeasible_empty_label,confirm_empty,true,false,ordinary_surface_without_operation_meaning,"This object-task pair is kept, but this executor channel is marked infeasible by source metadata. Reviewer should confirm the empty label unless a valid affordance region is visible.",processed/points/3d_affordancenet_full_shape_val_batch_v3/3danet_full_772f1ed7779459e8d835a15bbfa33167.npy,processed/masks/3d_affordancenet_full_shape_val_batch_v3/3danet_full_772f1ed7779459e8d835a15bbfa33167_pick_up.npy,processed/masks/3d_affordancenet_full_shape_val_batch_v3/3danet_full_772f1ed7779459e8d835a15bbfa33167_pick_up.npy,processed/vlm_semantic_part/renders/3danet_full_772f1ed7779459e8d835a15bbfa33167_pick_up
v3_review_000289,3danet_full_4b317124cfa511b7e26be0306b963c93_pick_up,Clock,pick_up,gripper,empty_review_required,executor_infeasible_empty_label,confirm_empty,true,false,no_graspable_region,"This object-task pair is kept, but this executor channel is marked infeasible by source metadata. Reviewer should confirm the empty label unless a valid affordance region is visible.",processed/points/3d_affordancenet_full_shape_val_batch_v3/3danet_full_4b317124cfa511b7e26be0306b963c93.npy,processed/masks/3d_affordancenet_full_shape_val_batch_v3/3danet_full_4b317124cfa511b7e26be0306b963c93_pick_up.npy,processed/masks/3d_affordancenet_full_shape_val_batch_v3/3danet_full_4b317124cfa511b7e26be0306b963c93_pick_up.npy,processed/vlm_semantic_part/renders/3danet_full_4b317124cfa511b7e26be0306b963c93_pick_up
v3_review_000290,3danet_full_4b317124cfa511b7e26be0306b963c93_pick_up,Clock,pick_up,suction,empty_review_required,executor_infeasible_empty_label,confirm_empty,true,false,no_flat_suction_surface,"This object-task pair is kept, but this executor channel is marked infeasible by source metadata. Reviewer should confirm the empty label unless a valid affordance region is visible.",processed/points/3d_affordancenet_full_shape_val_batch_v3/3danet_full_4b317124cfa511b7e26be0306b963c93.npy,processed/masks/3d_affordancenet_full_shape_val_batch_v3/3danet_full_4b317124cfa511b7e26be0306b963c93_pick_up.npy,processed/masks/3d_affordancenet_full_shape_val_batch_v3/3danet_full_4b317124cfa511b7e26be0306b963c93_pick_up.npy,processed/vlm_semantic_part/renders/3danet_full_4b317124cfa511b7e26be0306b963c93_pick_up
v3_review_000291,3danet_full_4b317124cfa511b7e26be0306b963c93_pick_up,Clock,pick_up,hook,empty_review_required,executor_infeasible_empty_label,confirm_empty,true,false,no_hookable_structure,"This object-task pair is kept, but this executor channel is marked infeasible by source metadata. Reviewer should confirm the empty label unless a valid affordance region is visible.",processed/points/3d_affordancenet_full_shape_val_batch_v3/3danet_full_4b317124cfa511b7e26be0306b963c93.npy,processed/masks/3d_affordancenet_full_shape_val_batch_v3/3danet_full_4b317124cfa511b7e26be0306b963c93_pick_up.npy,processed/masks/3d_affordancenet_full_shape_val_batch_v3/3danet_full_4b317124cfa511b7e26be0306b963c93_pick_up.npy,processed/vlm_semantic_part/renders/3danet_full_4b317124cfa511b7e26be0306b963c93_pick_up
v3_review_000292,3danet_full_4b317124cfa511b7e26be0306b963c93_pick_up,Clock,pick_up,dexterous_hand,empty_review_required,executor_infeasible_empty_label,confirm_empty,true,false,ordinary_surface_without_operation_meaning,"This object-task pair is kept, but this executor channel is marked infeasible by source metadata. Reviewer should confirm the empty label unless a valid affordance region is visible.",processed/points/3d_affordancenet_full_shape_val_batch_v3/3danet_full_4b317124cfa511b7e26be0306b963c93.npy,processed/masks/3d_affordancenet_full_shape_val_batch_v3/3danet_full_4b317124cfa511b7e26be0306b963c93_pick_up.npy,processed/masks/3d_affordancenet_full_shape_val_batch_v3/3danet_full_4b317124cfa511b7e26be0306b963c93_pick_up.npy,processed/vlm_semantic_part/renders/3danet_full_4b317124cfa511b7e26be0306b963c93_pick_up
v3_review_000293,3danet_full_32197ef6ce095472e59f529cd1b6faa8_pick_up,Clock,pick_up,gripper,empty_review_required,executor_infeasible_empty_label,confirm_empty,true,false,no_graspable_region,"This object-task pair is kept, but this executor channel is marked infeasible by source metadata. Reviewer should confirm the empty label unless a valid affordance region is visible.",processed/points/3d_affordancenet_full_shape_val_batch_v3/3danet_full_32197ef6ce095472e59f529cd1b6faa8.npy,processed/masks/3d_affordancenet_full_shape_val_batch_v3/3danet_full_32197ef6ce095472e59f529cd1b6faa8_pick_up.npy,processed/masks/3d_affordancenet_full_shape_val_batch_v3/3danet_full_32197ef6ce095472e59f529cd1b6faa8_pick_up.npy,processed/vlm_semantic_part/renders/3danet_full_32197ef6ce095472e59f529cd1b6faa8_pick_up
v3_review_000294,3danet_full_32197ef6ce095472e59f529cd1b6faa8_pick_up,Clock,pick_up,suction,empty_review_required,executor_infeasible_empty_label,confirm_empty,true,false,no_flat_suction_surface,"This object-task pair is kept, but this executor channel is marked infeasible by source metadata. Reviewer should confirm the empty label unless a valid affordance region is visible.",processed/points/3d_affordancenet_full_shape_val_batch_v3/3danet_full_32197ef6ce095472e59f529cd1b6faa8.npy,processed/masks/3d_affordancenet_full_shape_val_batch_v3/3danet_full_32197ef6ce095472e59f529cd1b6faa8_pick_up.npy,processed/masks/3d_affordancenet_full_shape_val_batch_v3/3danet_full_32197ef6ce095472e59f529cd1b6faa8_pick_up.npy,processed/vlm_semantic_part/renders/3danet_full_32197ef6ce095472e59f529cd1b6faa8_pick_up
v3_review_000295,3danet_full_32197ef6ce095472e59f529cd1b6faa8_pick_up,Clock,pick_up,hook,empty_review_required,executor_infeasible_empty_label,confirm_empty,true,false,no_hookable_structure,"This object-task pair is kept, but this executor channel is marked infeasible by source metadata. Reviewer should confirm the empty label unless a valid affordance region is visible.",processed/points/3d_affordancenet_full_shape_val_batch_v3/3danet_full_32197ef6ce095472e59f529cd1b6faa8.npy,processed/masks/3d_affordancenet_full_shape_val_batch_v3/3danet_full_32197ef6ce095472e59f529cd1b6faa8_pick_up.npy,processed/masks/3d_affordancenet_full_shape_val_batch_v3/3danet_full_32197ef6ce095472e59f529cd1b6faa8_pick_up.npy,processed/vlm_semantic_part/renders/3danet_full_32197ef6ce095472e59f529cd1b6faa8_pick_up
v3_review_000296,3danet_full_32197ef6ce095472e59f529cd1b6faa8_pick_up,Clock,pick_up,dexterous_hand,empty_review_required,executor_infeasible_empty_label,confirm_empty,true,false,ordinary_surface_without_operation_meaning,"This object-task pair is kept, but this executor channel is marked infeasible by source metadata. Reviewer should confirm the empty label unless a valid affordance region is visible.",processed/points/3d_affordancenet_full_shape_val_batch_v3/3danet_full_32197ef6ce095472e59f529cd1b6faa8.npy,processed/masks/3d_affordancenet_full_shape_val_batch_v3/3danet_full_32197ef6ce095472e59f529cd1b6faa8_pick_up.npy,processed/masks/3d_affordancenet_full_shape_val_batch_v3/3danet_full_32197ef6ce095472e59f529cd1b6faa8_pick_up.npy,processed/vlm_semantic_part/renders/3danet_full_32197ef6ce095472e59f529cd1b6faa8_pick_up
v3_review_000297,3danet_full_db1ae97ebd6440613ca265f557f5dc3e_pick_up,Clock,pick_up,gripper,empty_review_required,executor_infeasible_empty_label,confirm_empty,true,false,no_graspable_region,"This object-task pair is kept, but this executor channel is marked infeasible by source metadata. Reviewer should confirm the empty label unless a valid affordance region is visible.",processed/points/3d_affordancenet_full_shape_val_batch_v3/3danet_full_db1ae97ebd6440613ca265f557f5dc3e.npy,processed/masks/3d_affordancenet_full_shape_val_batch_v3/3danet_full_db1ae97ebd6440613ca265f557f5dc3e_pick_up.npy,processed/masks/3d_affordancenet_full_shape_val_batch_v3/3danet_full_db1ae97ebd6440613ca265f557f5dc3e_pick_up.npy,processed/vlm_semantic_part/renders/3danet_full_db1ae97ebd6440613ca265f557f5dc3e_pick_up
v3_review_000298,3danet_full_db1ae97ebd6440613ca265f557f5dc3e_pick_up,Clock,pick_up,suction,empty_review_required,executor_infeasible_empty_label,confirm_empty,true,false,no_flat_suction_surface,"This object-task pair is kept, but this executor channel is marked infeasible by source metadata. Reviewer should confirm the empty label unless a valid affordance region is visible.",processed/points/3d_affordancenet_full_shape_val_batch_v3/3danet_full_db1ae97ebd6440613ca265f557f5dc3e.npy,processed/masks/3d_affordancenet_full_shape_val_batch_v3/3danet_full_db1ae97ebd6440613ca265f557f5dc3e_pick_up.npy,processed/masks/3d_affordancenet_full_shape_val_batch_v3/3danet_full_db1ae97ebd6440613ca265f557f5dc3e_pick_up.npy,processed/vlm_semantic_part/renders/3danet_full_db1ae97ebd6440613ca265f557f5dc3e_pick_up
v3_review_000299,3danet_full_db1ae97ebd6440613ca265f557f5dc3e_pick_up,Clock,pick_up,hook,empty_review_required,executor_infeasible_empty_label,confirm_empty,true,false,no_hookable_structure,"This object-task pair is kept, but this executor channel is marked infeasible by source metadata. Reviewer should confirm the empty label unless a valid affordance region is visible.",processed/points/3d_affordancenet_full_shape_val_batch_v3/3danet_full_db1ae97ebd6440613ca265f557f5dc3e.npy,processed/masks/3d_affordancenet_full_shape_val_batch_v3/3danet_full_db1ae97ebd6440613ca265f557f5dc3e_pick_up.npy,processed/masks/3d_affordancenet_full_shape_val_batch_v3/3danet_full_db1ae97ebd6440613ca265f557f5dc3e_pick_up.npy,processed/vlm_semantic_part/renders/3danet_full_db1ae97ebd6440613ca265f557f5dc3e_pick_up
v3_review_000300,3danet_full_db1ae97ebd6440613ca265f557f5dc3e_pick_up,Clock,pick_up,dexterous_hand,empty_review_required,executor_infeasible_empty_label,confirm_empty,true,false,ordinary_surface_without_operation_meaning,"This object-task pair is kept, but this executor channel is marked infeasible by source metadata. Reviewer should confirm the empty label unless a valid affordance region is visible.",processed/points/3d_affordancenet_full_shape_val_batch_v3/3danet_full_db1ae97ebd6440613ca265f557f5dc3e.npy,processed/masks/3d_affordancenet_full_shape_val_batch_v3/3danet_full_db1ae97ebd6440613ca265f557f5dc3e_pick_up.npy,processed/masks/3d_affordancenet_full_shape_val_batch_v3/3danet_full_db1ae97ebd6440613ca265f557f5dc3e_pick_up.npy,processed/vlm_semantic_part/renders/3danet_full_db1ae97ebd6440613ca265f557f5dc3e_pick_up
